emoji,unicode,category,has_modifiers
ğŸ˜€,\U0001f600,emojis & people,False
ğŸ˜ƒ,\U0001f603,emojis & people,False
ğŸ˜„,\U0001f604,emojis & people,False
ğŸ˜,\U0001f601,emojis & people,False
ğŸ˜†,\U0001f606,emojis & people,False
ğŸ¥¹,\U0001f979,emojis & people,False
ğŸ˜…,\U0001f605,emojis & people,False
ğŸ˜‚,\U0001f602,emojis & people,False
ğŸ¤£,\U0001f923,emojis & people,False
ğŸ¥²,\U0001f972,emojis & people,False
â˜ºï¸,\u263a\ufe0f,emojis & people,False
ğŸ˜Š,\U0001f60a,emojis & people,False
ğŸ˜‡,\U0001f607,emojis & people,False
ğŸ™‚,\U0001f642,emojis & people,False
ğŸ™ƒ,\U0001f643,emojis & people,False
ğŸ˜‰,\U0001f609,emojis & people,False
ğŸ˜Œ,\U0001f60c,emojis & people,False
ğŸ˜,\U0001f60d,emojis & people,False
ğŸ¥°,\U0001f970,emojis & people,False
ğŸ˜˜,\U0001f618,emojis & people,False
ğŸ˜—,\U0001f617,emojis & people,False
ğŸ˜™,\U0001f619,emojis & people,False
ğŸ˜š,\U0001f61a,emojis & people,False
ğŸ˜‹,\U0001f60b,emojis & people,False
ğŸ˜›,\U0001f61b,emojis & people,False
ğŸ˜,\U0001f61d,emojis & people,False
ğŸ˜œ,\U0001f61c,emojis & people,False
ğŸ¤ª,\U0001f92a,emojis & people,False
ğŸ¤¨,\U0001f928,emojis & people,False
ğŸ§,\U0001f9d0,emojis & people,False
ğŸ¤“,\U0001f913,emojis & people,False
ğŸ˜,\U0001f60e,emojis & people,False
ğŸ¥¸,\U0001f978,emojis & people,False
ğŸ¤©,\U0001f929,emojis & people,False
ğŸ¥³,\U0001f973,emojis & people,False
ğŸ˜,\U0001f60f,emojis & people,False
ğŸ˜’,\U0001f612,emojis & people,False
ğŸ˜,\U0001f61e,emojis & people,False
ğŸ˜”,\U0001f614,emojis & people,False
ğŸ˜Ÿ,\U0001f61f,emojis & people,False
ğŸ˜•,\U0001f615,emojis & people,False
ğŸ™,\U0001f641,emojis & people,False
â˜¹ï¸,\u2639\ufe0f,emojis & people,False
ğŸ˜£,\U0001f623,emojis & people,False
ğŸ˜–,\U0001f616,emojis & people,False
ğŸ˜«,\U0001f62b,emojis & people,False
ğŸ˜©,\U0001f629,emojis & people,False
ğŸ¥º,\U0001f97a,emojis & people,False
ğŸ˜¢,\U0001f622,emojis & people,False
ğŸ˜­,\U0001f62d,emojis & people,False
ğŸ˜¤,\U0001f624,emojis & people,False
ğŸ˜ ,\U0001f620,emojis & people,False
ğŸ˜¡,\U0001f621,emojis & people,False
ğŸ¤¬,\U0001f92c,emojis & people,False
ğŸ¤¯,\U0001f92f,emojis & people,False
ğŸ˜³,\U0001f633,emojis & people,False
ğŸ¥µ,\U0001f975,emojis & people,False
ğŸ¥¶,\U0001f976,emojis & people,False
ğŸ˜¶â€ğŸŒ«ï¸,\U0001f636\u200d\U0001f32b\ufe0f,emojis & people,False
ğŸ˜±,\U0001f631,emojis & people,False
ğŸ˜¨,\U0001f628,emojis & people,False
ğŸ˜°,\U0001f630,emojis & people,False
ğŸ˜¥,\U0001f625,emojis & people,False
ğŸ˜“,\U0001f613,emojis & people,False
ğŸ¤—,\U0001f917,emojis & people,False
ğŸ¤”,\U0001f914,emojis & people,False
ğŸ«£,\U0001fae3,emojis & people,False
ğŸ¤­,\U0001f92d,emojis & people,False
ğŸ«¢,\U0001fae2,emojis & people,False
ğŸ«¡,\U0001fae1,emojis & people,False
ğŸ¤«,\U0001f92b,emojis & people,False
ğŸ« ,\U0001fae0,emojis & people,False
ğŸ¤¥,\U0001f925,emojis & people,False
ğŸ˜¶,\U0001f636,emojis & people,False
ğŸ«¥,\U0001fae5,emojis & people,False
ğŸ˜,\U0001f610,emojis & people,False
ğŸ«¤,\U0001fae4,emojis & people,False
ğŸ˜‘,\U0001f611,emojis & people,False
ğŸ«¨,\U0001fae8,emojis & people,False
ğŸ˜¬,\U0001f62c,emojis & people,False
ğŸ™„,\U0001f644,emojis & people,False
ğŸ˜¯,\U0001f62f,emojis & people,False
ğŸ˜¦,\U0001f626,emojis & people,False
ğŸ˜§,\U0001f627,emojis & people,False
ğŸ˜®,\U0001f62e,emojis & people,False
ğŸ˜²,\U0001f632,emojis & people,False
ğŸ¥±,\U0001f971,emojis & people,False
ğŸ˜´,\U0001f634,emojis & people,False
ğŸ¤¤,\U0001f924,emojis & people,False
ğŸ˜ª,\U0001f62a,emojis & people,False
ğŸ˜®â€ğŸ’¨,\U0001f62e\u200d\U0001f4a8,emojis & people,False
ğŸ˜µ,\U0001f635,emojis & people,False
ğŸ˜µâ€ğŸ’«,\U0001f635\u200d\U0001f4ab,emojis & people,False
ğŸ¤,\U0001f910,emojis & people,False
ğŸ¥´,\U0001f974,emojis & people,False
ğŸ¤¢,\U0001f922,emojis & people,False
ğŸ¤®,\U0001f92e,emojis & people,False
ğŸ¤§,\U0001f927,emojis & people,False
ğŸ˜·,\U0001f637,emojis & people,False
ğŸ¤’,\U0001f912,emojis & people,False
ğŸ¤•,\U0001f915,emojis & people,False
ğŸ¤‘,\U0001f911,emojis & people,False
ğŸ¤ ,\U0001f920,emojis & people,False
ğŸ˜ˆ,\U0001f608,emojis & people,False
ğŸ‘¿,\U0001f47f,emojis & people,False
ğŸ‘¹,\U0001f479,emojis & people,False
ğŸ‘º,\U0001f47a,emojis & people,False
ğŸ¤¡,\U0001f921,emojis & people,False
ğŸ’©,\U0001f4a9,emojis & people,False
ğŸ‘»,\U0001f47b,emojis & people,False
ğŸ’€,\U0001f480,emojis & people,False
â˜ ï¸,\u2620\ufe0f,emojis & people,False
ğŸ‘½,\U0001f47d,emojis & people,False
ğŸ‘¾,\U0001f47e,emojis & people,False
ğŸ¤–,\U0001f916,emojis & people,False
ğŸƒ,\U0001f383,emojis & people,False
ğŸ˜º,\U0001f63a,emojis & people,False
ğŸ˜¸,\U0001f638,emojis & people,False
ğŸ˜¹,\U0001f639,emojis & people,False
ğŸ˜»,\U0001f63b,emojis & people,False
ğŸ˜¼,\U0001f63c,emojis & people,False
ğŸ˜½,\U0001f63d,emojis & people,False
ğŸ™€,\U0001f640,emojis & people,False
ğŸ˜¿,\U0001f63f,emojis & people,False
ğŸ˜¾,\U0001f63e,emojis & people,False
ğŸ«¶,\U0001faf6,emojis & people,True
ğŸ¤²,\U0001f932,emojis & people,True
ğŸ‘,\U0001f450,emojis & people,True
ğŸ™Œ,\U0001f64c,emojis & people,True
ğŸ‘,\U0001f44f,emojis & people,True
ğŸ¤,\U0001f91d,emojis & people,True
ğŸ‘,\U0001f44d,emojis & people,True
ğŸ‘,\U0001f44e,emojis & people,True
ğŸ‘Š,\U0001f44a,emojis & people,True
âœŠ,\u270a,emojis & people,True
ğŸ¤›,\U0001f91b,emojis & people,True
ğŸ¤œ,\U0001f91c,emojis & people,True
ğŸ«·,\U0001faf7,emojis & people,True
ğŸ«¸,\U0001faf8,emojis & people,True
ğŸ¤,\U0001f91e,emojis & people,True
âœŒï¸,\u270c\ufe0f,emojis & people,True
ğŸ«°,\U0001faf0,emojis & people,True
ğŸ¤Ÿ,\U0001f91f,emojis & people,True
ğŸ¤˜,\U0001f918,emojis & people,True
ğŸ‘Œ,\U0001f44c,emojis & people,True
ğŸ¤Œ,\U0001f90c,emojis & people,True
ğŸ¤,\U0001f90f,emojis & people,True
ğŸ«³,\U0001faf3,emojis & people,True
ğŸ«´,\U0001faf4,emojis & people,True
ğŸ‘ˆ,\U0001f448,emojis & people,True
ğŸ‘‰,\U0001f449,emojis & people,True
ğŸ‘†,\U0001f446,emojis & people,True
ğŸ‘‡,\U0001f447,emojis & people,True
â˜ï¸,\u261d\ufe0f,emojis & people,True
âœ‹,\u270b,emojis & people,True
ğŸ¤š,\U0001f91a,emojis & people,True
ğŸ–ï¸,\U0001f590\ufe0f,emojis & people,True
ğŸ––,\U0001f596,emojis & people,True
ğŸ‘‹,\U0001f44b,emojis & people,True
ğŸ¤™,\U0001f919,emojis & people,True
ğŸ«²,\U0001faf2,emojis & people,True
ğŸ«±,\U0001faf1,emojis & people,True
ğŸ’ª,\U0001f4aa,emojis & people,True
ğŸ¦¾,\U0001f9be,emojis & people,False
ğŸ–•,\U0001f595,emojis & people,True
âœï¸,\u270d\ufe0f,emojis & people,True
ğŸ™,\U0001f64f,emojis & people,True
ğŸ«µ,\U0001faf5,emojis & people,True
ğŸ¦¶,\U0001f9b6,emojis & people,True
ğŸ¦µ,\U0001f9b5,emojis & people,True
ğŸ¦¿,\U0001f9bf,emojis & people,False
ğŸ’„,\U0001f484,emojis & people,False
ğŸ’‹,\U0001f48b,emojis & people,False
ğŸ‘„,\U0001f444,emojis & people,False
ğŸ«¦,\U0001fae6,emojis & people,False
ğŸ¦·,\U0001f9b7,emojis & people,False
ğŸ‘…,\U0001f445,emojis & people,False
ğŸ‘‚,\U0001f442,emojis & people,True
ğŸ¦»,\U0001f9bb,emojis & people,True
ğŸ‘ƒ,\U0001f443,emojis & people,True
ğŸ‘£,\U0001f463,emojis & people,False
ğŸ‘ï¸,\U0001f441\ufe0f,emojis & people,False
ğŸ‘€,\U0001f440,emojis & people,False
ğŸ«€,\U0001fac0,emojis & people,False
ğŸ«,\U0001fac1,emojis & people,False
ğŸ§ ,\U0001f9e0,emojis & people,False
ğŸ—£ï¸,\U0001f5e3\ufe0f,emojis & people,False
ğŸ‘¤,\U0001f464,emojis & people,False
ğŸ‘¥,\U0001f465,emojis & people,False
ğŸ«‚,\U0001fac2,emojis & people,False
ğŸ‘¶,\U0001f476,emojis & people,True
ğŸ‘§,\U0001f467,emojis & people,True
ğŸ§’,\U0001f9d2,emojis & people,True
ğŸ‘¦,\U0001f466,emojis & people,True
ğŸ‘©,\U0001f469,emojis & people,True
ğŸ§‘,\U0001f9d1,emojis & people,True
ğŸ‘¨,\U0001f468,emojis & people,True
ğŸ‘©â€ğŸ¦±,\U0001f469\u200d\U0001f9b1,emojis & people,True
ğŸ§‘â€ğŸ¦±,\U0001f9d1\u200d\U0001f9b1,emojis & people,True
ğŸ‘¨â€ğŸ¦±,\U0001f468\u200d\U0001f9b1,emojis & people,True
ğŸ‘©â€ğŸ¦°,\U0001f469\u200d\U0001f9b0,emojis & people,True
ğŸ§‘â€ğŸ¦°,\U0001f9d1\u200d\U0001f9b0,emojis & people,True
ğŸ‘¨â€ğŸ¦°,\U0001f468\u200d\U0001f9b0,emojis & people,True
ğŸ‘±â€â™€ï¸,\U0001f471\u200d\u2640\ufe0f,emojis & people,True
ğŸ‘±â€â™‚ï¸,\U0001f471\u200d\u2642\ufe0f,emojis & people,True
ğŸ‘©â€ğŸ¦³,\U0001f469\u200d\U0001f9b3,emojis & people,True
ğŸ§‘â€ğŸ¦³,\U0001f9d1\u200d\U0001f9b3,emojis & people,True
ğŸ‘¨â€ğŸ¦³,\U0001f468\u200d\U0001f9b3,emojis & people,True
ğŸ‘©â€ğŸ¦²,\U0001f469\u200d\U0001f9b2,emojis & people,True
ğŸ§‘â€ğŸ¦²,\U0001f9d1\u200d\U0001f9b2,emojis & people,True
ğŸ‘¨â€ğŸ¦²,\U0001f468\u200d\U0001f9b2,emojis & people,True
ğŸ§”â€â™€ï¸,\U0001f9d4\u200d\u2640\ufe0f,emojis & people,True
ğŸ§”,\U0001f9d4,emojis & people,True
ğŸ§”â€â™‚ï¸,\U0001f9d4\u200d\u2642\ufe0f,emojis & people,True
ğŸ‘µ,\U0001f475,emojis & people,True
ğŸ§“,\U0001f9d3,emojis & people,True
ğŸ‘´,\U0001f474,emojis & people,True
ğŸ‘²,\U0001f472,emojis & people,True
ğŸ‘³â€â™€ï¸,\U0001f473\u200d\u2640\ufe0f,emojis & people,True
ğŸ‘³â€â™‚ï¸,\U0001f473\u200d\u2642\ufe0f,emojis & people,True
ğŸ§•,\U0001f9d5,emojis & people,True
ğŸ‘®â€â™€ï¸,\U0001f46e\u200d\u2640\ufe0f,emojis & people,True
ğŸ‘®â€â™‚ï¸,\U0001f46e\u200d\u2642\ufe0f,emojis & people,True
ğŸ‘·â€â™€ï¸,\U0001f477\u200d\u2640\ufe0f,emojis & people,True
ğŸ‘·â€â™‚ï¸,\U0001f477\u200d\u2642\ufe0f,emojis & people,True
ğŸ’‚â€â™€ï¸,\U0001f482\u200d\u2640\ufe0f,emojis & people,True
ğŸ’‚â€â™‚ï¸,\U0001f482\u200d\u2642\ufe0f,emojis & people,True
ğŸ•µï¸â€â™€ï¸,\U0001f575\ufe0f\u200d\u2640\ufe0f,emojis & people,True
ğŸ•µï¸â€â™‚ï¸,\U0001f575\ufe0f\u200d\u2642\ufe0f,emojis & people,True
ğŸ‘©â€âš•ï¸,\U0001f469\u200d\u2695\ufe0f,emojis & people,True
ğŸ§‘â€âš•ï¸,\U0001f9d1\u200d\u2695\ufe0f,emojis & people,True
ğŸ‘¨â€âš•ï¸,\U0001f468\u200d\u2695\ufe0f,emojis & people,True
ğŸ‘©â€ğŸŒ¾,\U0001f469\u200d\U0001f33e,emojis & people,True
ğŸ§‘â€ğŸŒ¾,\U0001f9d1\u200d\U0001f33e,emojis & people,True
ğŸ‘¨â€ğŸŒ¾,\U0001f468\u200d\U0001f33e,emojis & people,True
ğŸ‘©â€ğŸ³,\U0001f469\u200d\U0001f373,emojis & people,True
ğŸ§‘â€ğŸ³,\U0001f9d1\u200d\U0001f373,emojis & people,True
ğŸ‘¨â€ğŸ³,\U0001f468\u200d\U0001f373,emojis & people,True
ğŸ‘©â€ğŸ“,\U0001f469\u200d\U0001f393,emojis & people,True
ğŸ§‘â€ğŸ“,\U0001f9d1\u200d\U0001f393,emojis & people,True
ğŸ‘¨â€ğŸ“,\U0001f468\u200d\U0001f393,emojis & people,True
ğŸ‘©â€ğŸ¤,\U0001f469\u200d\U0001f3a4,emojis & people,True
ğŸ§‘â€ğŸ¤,\U0001f9d1\u200d\U0001f3a4,emojis & people,True
ğŸ‘¨â€ğŸ¤,\U0001f468\u200d\U0001f3a4,emojis & people,True
ğŸ‘©â€ğŸ«,\U0001f469\u200d\U0001f3eb,emojis & people,True
ğŸ§‘â€ğŸ«,\U0001f9d1\u200d\U0001f3eb,emojis & people,True
ğŸ‘¨â€ğŸ«,\U0001f468\u200d\U0001f3eb,emojis & people,True
ğŸ‘©â€ğŸ­,\U0001f469\u200d\U0001f3ed,emojis & people,True
ğŸ§‘â€ğŸ­,\U0001f9d1\u200d\U0001f3ed,emojis & people,True
ğŸ‘¨â€ğŸ­,\U0001f468\u200d\U0001f3ed,emojis & people,True
ğŸ‘©â€ğŸ’»,\U0001f469\u200d\U0001f4bb,emojis & people,True
ğŸ§‘â€ğŸ’»,\U0001f9d1\u200d\U0001f4bb,emojis & people,True
ğŸ‘¨â€ğŸ’»,\U0001f468\u200d\U0001f4bb,emojis & people,True
ğŸ‘©â€ğŸ’¼,\U0001f469\u200d\U0001f4bc,emojis & people,True
ğŸ§‘â€ğŸ’¼,\U0001f9d1\u200d\U0001f4bc,emojis & people,True
ğŸ‘¨â€ğŸ’¼,\U0001f468\u200d\U0001f4bc,emojis & people,True
ğŸ‘©â€ğŸ”§,\U0001f469\u200d\U0001f527,emojis & people,True
ğŸ§‘â€ğŸ”§,\U0001f9d1\u200d\U0001f527,emojis & people,True
ğŸ‘¨â€ğŸ”§,\U0001f468\u200d\U0001f527,emojis & people,True
ğŸ‘©â€ğŸ”¬,\U0001f469\u200d\U0001f52c,emojis & people,True
ğŸ§‘â€ğŸ”¬,\U0001f9d1\u200d\U0001f52c,emojis & people,True
ğŸ‘¨â€ğŸ”¬,\U0001f468\u200d\U0001f52c,emojis & people,True
ğŸ‘©â€ğŸ¨,\U0001f469\u200d\U0001f3a8,emojis & people,True
ğŸ§‘â€ğŸ¨,\U0001f9d1\u200d\U0001f3a8,emojis & people,True
ğŸ‘¨â€ğŸ¨,\U0001f468\u200d\U0001f3a8,emojis & people,True
ğŸ‘©â€ğŸš’,\U0001f469\u200d\U0001f692,emojis & people,True
ğŸ§‘â€ğŸš’,\U0001f9d1\u200d\U0001f692,emojis & people,True
ğŸ‘¨â€ğŸš’,\U0001f468\u200d\U0001f692,emojis & people,True
ğŸ‘©â€âœˆï¸,\U0001f469\u200d\u2708\ufe0f,emojis & people,True
ğŸ§‘â€âœˆï¸,\U0001f9d1\u200d\u2708\ufe0f,emojis & people,True
ğŸ‘¨â€âœˆï¸,\U0001f468\u200d\u2708\ufe0f,emojis & people,True
ğŸ‘©â€ğŸš€,\U0001f469\u200d\U0001f680,emojis & people,True
ğŸ§‘â€ğŸš€,\U0001f9d1\u200d\U0001f680,emojis & people,True
ğŸ‘¨â€ğŸš€,\U0001f468\u200d\U0001f680,emojis & people,True
ğŸ‘©â€âš–ï¸,\U0001f469\u200d\u2696\ufe0f,emojis & people,True
ğŸ§‘â€âš–ï¸,\U0001f9d1\u200d\u2696\ufe0f,emojis & people,True
ğŸ‘¨â€âš–ï¸,\U0001f468\u200d\u2696\ufe0f,emojis & people,True
ğŸ‘°â€â™€ï¸,\U0001f470\u200d\u2640\ufe0f,emojis & people,True
ğŸ‘°,\U0001f470,emojis & people,True
ğŸ‘°â€â™‚ï¸,\U0001f470\u200d\u2642\ufe0f,emojis & people,True
ğŸ¤µâ€â™€ï¸,\U0001f935\u200d\u2640\ufe0f,emojis & people,True
ğŸ¤µ,\U0001f935,emojis & people,True
ğŸ¤µâ€â™‚ï¸,\U0001f935\u200d\u2642\ufe0f,emojis & people,True
ğŸ‘¸,\U0001f478,emojis & people,True
ğŸ«…,\U0001fac5,emojis & people,True
ğŸ¤´,\U0001f934,emojis & people,True
ğŸ¥·,\U0001f977,emojis & people,True
ğŸ¦¸â€â™€ï¸,\U0001f9b8\u200d\u2640\ufe0f,emojis & people,True
ğŸ¦¸â€â™‚ï¸,\U0001f9b8\u200d\u2642\ufe0f,emojis & people,True
ğŸ¦¹â€â™€ï¸,\U0001f9b9\u200d\u2640\ufe0f,emojis & people,True
ğŸ¦¹â€â™‚ï¸,\U0001f9b9\u200d\u2642\ufe0f,emojis & people,True
ğŸ¤¶,\U0001f936,emojis & people,True
ğŸ§‘â€ğŸ„,\U0001f9d1\u200d\U0001f384,emojis & people,True
ğŸ…,\U0001f385,emojis & people,True
ğŸ§™â€â™€ï¸,\U0001f9d9\u200d\u2640\ufe0f,emojis & people,True
ğŸ§™â€â™‚ï¸,\U0001f9d9\u200d\u2642\ufe0f,emojis & people,True
ğŸ§â€â™€ï¸,\U0001f9dd\u200d\u2640\ufe0f,emojis & people,True
ğŸ§â€â™‚ï¸,\U0001f9dd\u200d\u2642\ufe0f,emojis & people,True
ğŸ§Œ,\U0001f9cc,emojis & people,False
ğŸ§›â€â™€ï¸,\U0001f9db\u200d\u2640\ufe0f,emojis & people,True
ğŸ§›â€â™‚ï¸,\U0001f9db\u200d\u2642\ufe0f,emojis & people,True
ğŸ§Ÿâ€â™€ï¸,\U0001f9df\u200d\u2640\ufe0f,emojis & people,False
ğŸ§Ÿâ€â™‚ï¸,\U0001f9df\u200d\u2642\ufe0f,emojis & people,False
ğŸ§â€â™€ï¸,\U0001f9de\u200d\u2640\ufe0f,emojis & people,False
ğŸ§â€â™‚ï¸,\U0001f9de\u200d\u2642\ufe0f,emojis & people,False
ğŸ§œâ€â™€ï¸,\U0001f9dc\u200d\u2640\ufe0f,emojis & people,True
ğŸ§œâ€â™‚ï¸,\U0001f9dc\u200d\u2642\ufe0f,emojis & people,True
ğŸ§šâ€â™€ï¸,\U0001f9da\u200d\u2640\ufe0f,emojis & people,True
ğŸ§šâ€â™‚ï¸,\U0001f9da\u200d\u2642\ufe0f,emojis & people,True
ğŸ‘¼,\U0001f47c,emojis & people,True
ğŸ¤°,\U0001f930,emojis & people,True
ğŸ«„,\U0001fac4,emojis & people,True
ğŸ«ƒ,\U0001fac3,emojis & people,True
ğŸ¤±,\U0001f931,emojis & people,True
ğŸ‘©â€ğŸ¼,\U0001f469\u200d\U0001f37c,emojis & people,True
ğŸ§‘â€ğŸ¼,\U0001f9d1\u200d\U0001f37c,emojis & people,True
ğŸ‘¨â€ğŸ¼,\U0001f468\u200d\U0001f37c,emojis & people,True
ğŸ™‡â€â™€ï¸,\U0001f647\u200d\u2640\ufe0f,emojis & people,True
ğŸ™‡â€â™‚ï¸,\U0001f647\u200d\u2642\ufe0f,emojis & people,True
ğŸ’â€â™€ï¸,\U0001f481\u200d\u2640\ufe0f,emojis & people,True
ğŸ’â€â™‚ï¸,\U0001f481\u200d\u2642\ufe0f,emojis & people,True
ğŸ™…â€â™€ï¸,\U0001f645\u200d\u2640\ufe0f,emojis & people,True
ğŸ™…â€â™‚ï¸,\U0001f645\u200d\u2642\ufe0f,emojis & people,True
ğŸ™†â€â™€ï¸,\U0001f646\u200d\u2640\ufe0f,emojis & people,True
ğŸ™†â€â™‚ï¸,\U0001f646\u200d\u2642\ufe0f,emojis & people,True
ğŸ™‹â€â™€ï¸,\U0001f64b\u200d\u2640\ufe0f,emojis & people,True
ğŸ™‹â€â™‚ï¸,\U0001f64b\u200d\u2642\ufe0f,emojis & people,True
ğŸ§â€â™€ï¸,\U0001f9cf\u200d\u2640\ufe0f,emojis & people,True
ğŸ§,\U0001f9cf,emojis & people,True
ğŸ§â€â™‚ï¸,\U0001f9cf\u200d\u2642\ufe0f,emojis & people,True
ğŸ¤¦â€â™€ï¸,\U0001f926\u200d\u2640\ufe0f,emojis & people,True
ğŸ¤¦â€â™‚ï¸,\U0001f926\u200d\u2642\ufe0f,emojis & people,True
ğŸ¤·â€â™€ï¸,\U0001f937\u200d\u2640\ufe0f,emojis & people,True
ğŸ¤·â€â™‚ï¸,\U0001f937\u200d\u2642\ufe0f,emojis & people,True
ğŸ™â€â™€ï¸,\U0001f64e\u200d\u2640\ufe0f,emojis & people,True
ğŸ™â€â™‚ï¸,\U0001f64e\u200d\u2642\ufe0f,emojis & people,True
ğŸ™â€â™€ï¸,\U0001f64d\u200d\u2640\ufe0f,emojis & people,True
ğŸ™â€â™‚ï¸,\U0001f64d\u200d\u2642\ufe0f,emojis & people,True
ğŸ’‡â€â™€ï¸,\U0001f487\u200d\u2640\ufe0f,emojis & people,True
ğŸ’‡â€â™‚ï¸,\U0001f487\u200d\u2642\ufe0f,emojis & people,True
ğŸ’†â€â™€ï¸,\U0001f486\u200d\u2640\ufe0f,emojis & people,True
ğŸ’†â€â™‚ï¸,\U0001f486\u200d\u2642\ufe0f,emojis & people,True
ğŸ§–â€â™€ï¸,\U0001f9d6\u200d\u2640\ufe0f,emojis & people,True
ğŸ§–,\U0001f9d6,emojis & people,True
ğŸ§–â€â™‚ï¸,\U0001f9d6\u200d\u2642\ufe0f,emojis & people,True
ğŸ’…,\U0001f485,emojis & people,True
ğŸ¤³,\U0001f933,emojis & people,True
ğŸ’ƒ,\U0001f483,emojis & people,True
ğŸ•º,\U0001f57a,emojis & people,True
ğŸ‘¯â€â™€ï¸,\U0001f46f\u200d\u2640\ufe0f,emojis & people,True
ğŸ‘¯â€â™‚ï¸,\U0001f46f\u200d\u2642\ufe0f,emojis & people,True
ğŸ•´ï¸,\U0001f574\ufe0f,emojis & people,True
ğŸ‘©â€ğŸ¦½,\U0001f469\u200d\U0001f9bd,emojis & people,True
ğŸ§‘â€ğŸ¦½,\U0001f9d1\u200d\U0001f9bd,emojis & people,True
ğŸ‘¨â€ğŸ¦½,\U0001f468\u200d\U0001f9bd,emojis & people,True
ğŸ‘©â€ğŸ¦¼,\U0001f469\u200d\U0001f9bc,emojis & people,True
ğŸ§‘â€ğŸ¦¼,\U0001f9d1\u200d\U0001f9bc,emojis & people,True
ğŸ‘¨â€ğŸ¦¼,\U0001f468\u200d\U0001f9bc,emojis & people,True
ğŸš¶â€â™€ï¸,\U0001f6b6\u200d\u2640\ufe0f,emojis & people,True
ğŸš¶,\U0001f6b6,emojis & people,True
ğŸš¶â€â™‚ï¸,\U0001f6b6\u200d\u2642\ufe0f,emojis & people,True
ğŸ‘©â€ğŸ¦¯,\U0001f469\u200d\U0001f9af,emojis & people,True
ğŸ§‘â€ğŸ¦¯,\U0001f9d1\u200d\U0001f9af,emojis & people,True
ğŸ‘¨â€ğŸ¦¯,\U0001f468\u200d\U0001f9af,emojis & people,True
ğŸ§â€â™€ï¸,\U0001f9ce\u200d\u2640\ufe0f,emojis & people,True
ğŸ§,\U0001f9ce,emojis & people,True
ğŸ§â€â™‚ï¸,\U0001f9ce\u200d\u2642\ufe0f,emojis & people,True
ğŸƒâ€â™€ï¸,\U0001f3c3\u200d\u2640\ufe0f,emojis & people,True
ğŸƒ,\U0001f3c3,emojis & people,True
ğŸƒâ€â™‚ï¸,\U0001f3c3\u200d\u2642\ufe0f,emojis & people,True
ğŸ§â€â™€ï¸,\U0001f9cd\u200d\u2640\ufe0f,emojis & people,True
ğŸ§,\U0001f9cd,emojis & people,True
ğŸ§â€â™‚ï¸,\U0001f9cd\u200d\u2642\ufe0f,emojis & people,True
ğŸ‘«,\U0001f46b,emojis & people,True
ğŸ‘­,\U0001f46d,emojis & people,True
ğŸ‘¬,\U0001f46c,emojis & people,True
ğŸ‘©â€â¤ï¸â€ğŸ‘¨,\U0001f469\u200d\u2764\ufe0f\u200d\U0001f468,emojis & people,True
ğŸ‘©â€â¤ï¸â€ğŸ‘©,\U0001f469\u200d\u2764\ufe0f\u200d\U0001f469,emojis & people,True
ğŸ’‘,\U0001f491,emojis & people,True
ğŸ‘¨â€â¤ï¸â€ğŸ‘¨,\U0001f468\u200d\u2764\ufe0f\u200d\U0001f468,emojis & people,True
ğŸ‘©â€â¤ï¸â€ğŸ’‹â€ğŸ‘¨,\U0001f469\u200d\u2764\ufe0f\u200d\U0001f48b\u200d\U0001f468,emojis & people,True
ğŸ‘©â€â¤ï¸â€ğŸ’‹â€ğŸ‘©,\U0001f469\u200d\u2764\ufe0f\u200d\U0001f48b\u200d\U0001f469,emojis & people,True
ğŸ’,\U0001f48f,emojis & people,True
ğŸ‘¨â€â¤ï¸â€ğŸ’‹â€ğŸ‘¨,\U0001f468\u200d\u2764\ufe0f\u200d\U0001f48b\u200d\U0001f468,emojis & people,True
ğŸ‘¨â€ğŸ‘©â€ğŸ‘¦,\U0001f468\u200d\U0001f469\u200d\U0001f466,emojis & people,False
ğŸ‘¨â€ğŸ‘©â€ğŸ‘§,\U0001f468\u200d\U0001f469\u200d\U0001f467,emojis & people,False
ğŸ‘¨â€ğŸ‘©â€ğŸ‘§â€ğŸ‘¦,\U0001f468\u200d\U0001f469\u200d\U0001f467\u200d\U0001f466,emojis & people,False
ğŸ‘¨â€ğŸ‘©â€ğŸ‘¦â€ğŸ‘¦,\U0001f468\u200d\U0001f469\u200d\U0001f466\u200d\U0001f466,emojis & people,False
ğŸ‘¨â€ğŸ‘©â€ğŸ‘§â€ğŸ‘§,\U0001f468\u200d\U0001f469\u200d\U0001f467\u200d\U0001f467,emojis & people,False
ğŸ‘©â€ğŸ‘©â€ğŸ‘¦,\U0001f469\u200d\U0001f469\u200d\U0001f466,emojis & people,False
ğŸ‘©â€ğŸ‘©â€ğŸ‘§,\U0001f469\u200d\U0001f469\u200d\U0001f467,emojis & people,False
ğŸ‘©â€ğŸ‘©â€ğŸ‘§â€ğŸ‘¦,\U0001f469\u200d\U0001f469\u200d\U0001f467\u200d\U0001f466,emojis & people,False
ğŸ‘©â€ğŸ‘©â€ğŸ‘¦â€ğŸ‘¦,\U0001f469\u200d\U0001f469\u200d\U0001f466\u200d\U0001f466,emojis & people,False
ğŸ‘©â€ğŸ‘©â€ğŸ‘§â€ğŸ‘§,\U0001f469\u200d\U0001f469\u200d\U0001f467\u200d\U0001f467,emojis & people,False
ğŸ‘¨â€ğŸ‘¨â€ğŸ‘¦,\U0001f468\u200d\U0001f468\u200d\U0001f466,emojis & people,False
ğŸ‘¨â€ğŸ‘¨â€ğŸ‘§,\U0001f468\u200d\U0001f468\u200d\U0001f467,emojis & people,False
ğŸ‘¨â€ğŸ‘¨â€ğŸ‘§â€ğŸ‘¦,\U0001f468\u200d\U0001f468\u200d\U0001f467\u200d\U0001f466,emojis & people,False
ğŸ‘¨â€ğŸ‘¨â€ğŸ‘¦â€ğŸ‘¦,\U0001f468\u200d\U0001f468\u200d\U0001f466\u200d\U0001f466,emojis & people,False
ğŸ‘¨â€ğŸ‘¨â€ğŸ‘§â€ğŸ‘§,\U0001f468\u200d\U0001f468\u200d\U0001f467\u200d\U0001f467,emojis & people,False
ğŸ‘©â€ğŸ‘¦,\U0001f469\u200d\U0001f466,emojis & people,False
ğŸ‘©â€ğŸ‘§,\U0001f469\u200d\U0001f467,emojis & people,False
ğŸ‘©â€ğŸ‘§â€ğŸ‘¦,\U0001f469\u200d\U0001f467\u200d\U0001f466,emojis & people,False
ğŸ‘©â€ğŸ‘¦â€ğŸ‘¦,\U0001f469\u200d\U0001f466\u200d\U0001f466,emojis & people,False
ğŸ‘©â€ğŸ‘§â€ğŸ‘§,\U0001f469\u200d\U0001f467\u200d\U0001f467,emojis & people,False
ğŸ‘¨â€ğŸ‘¦,\U0001f468\u200d\U0001f466,emojis & people,False
ğŸ‘¨â€ğŸ‘§,\U0001f468\u200d\U0001f467,emojis & people,False
ğŸ‘¨â€ğŸ‘§â€ğŸ‘¦,\U0001f468\u200d\U0001f467\u200d\U0001f466,emojis & people,False
ğŸ‘¨â€ğŸ‘¦â€ğŸ‘¦,\U0001f468\u200d\U0001f466\u200d\U0001f466,emojis & people,False
ğŸ‘¨â€ğŸ‘§â€ğŸ‘§,\U0001f468\u200d\U0001f467\u200d\U0001f467,emojis & people,False
ğŸª¢,\U0001faa2,emojis & people,False
ğŸ§¶,\U0001f9f6,emojis & people,False
ğŸ§µ,\U0001f9f5,emojis & people,False
ğŸª¡,\U0001faa1,emojis & people,False
ğŸ§¥,\U0001f9e5,emojis & people,False
ğŸ¥¼,\U0001f97c,emojis & people,False
ğŸ¦º,\U0001f9ba,emojis & people,False
ğŸ‘š,\U0001f45a,emojis & people,False
ğŸ‘•,\U0001f455,emojis & people,False
ğŸ‘–,\U0001f456,emojis & people,False
ğŸ©²,\U0001fa72,emojis & people,False
ğŸ©³,\U0001fa73,emojis & people,False
ğŸ‘”,\U0001f454,emojis & people,False
ğŸ‘—,\U0001f457,emojis & people,False
ğŸ‘™,\U0001f459,emojis & people,False
ğŸ©±,\U0001fa71,emojis & people,False
ğŸ‘˜,\U0001f458,emojis & people,False
ğŸ¥»,\U0001f97b,emojis & people,False
ğŸ©´,\U0001fa74,emojis & people,False
ğŸ¥¿,\U0001f97f,emojis & people,False
ğŸ‘ ,\U0001f460,emojis & people,False
ğŸ‘¡,\U0001f461,emojis & people,False
ğŸ‘¢,\U0001f462,emojis & people,False
ğŸ‘,\U0001f45e,emojis & people,False
ğŸ‘Ÿ,\U0001f45f,emojis & people,False
ğŸ¥¾,\U0001f97e,emojis & people,False
ğŸ§¦,\U0001f9e6,emojis & people,False
ğŸ§¤,\U0001f9e4,emojis & people,False
ğŸ§£,\U0001f9e3,emojis & people,False
ğŸ©,\U0001f3a9,emojis & people,False
ğŸ§¢,\U0001f9e2,emojis & people,False
ğŸ‘’,\U0001f452,emojis & people,False
ğŸ“,\U0001f393,emojis & people,False
â›‘ï¸,\u26d1\ufe0f,emojis & people,False
ğŸª–,\U0001fa96,emojis & people,False
ğŸ‘‘,\U0001f451,emojis & people,False
ğŸ’,\U0001f48d,emojis & people,False
ğŸ‘,\U0001f45d,emojis & people,False
ğŸ‘›,\U0001f45b,emojis & people,False
ğŸ‘œ,\U0001f45c,emojis & people,False
ğŸ’¼,\U0001f4bc,emojis & people,False
ğŸ’,\U0001f392,emojis & people,False
ğŸ§³,\U0001f9f3,emojis & people,False
ğŸ‘“,\U0001f453,emojis & people,False
ğŸ•¶ï¸,\U0001f576\ufe0f,emojis & people,False
ğŸ¥½,\U0001f97d,emojis & people,False
ğŸŒ‚,\U0001f302,emojis & people,False
ğŸ¶,\U0001f436,animals & nature,False
ğŸ±,\U0001f431,animals & nature,False
ğŸ­,\U0001f42d,animals & nature,False
ğŸ¹,\U0001f439,animals & nature,False
ğŸ°,\U0001f430,animals & nature,False
ğŸ¦Š,\U0001f98a,animals & nature,False
ğŸ»,\U0001f43b,animals & nature,False
ğŸ¼,\U0001f43c,animals & nature,False
ğŸ»â€â„ï¸,\U0001f43b\u200d\u2744\ufe0f,animals & nature,False
ğŸ¨,\U0001f428,animals & nature,False
ğŸ¯,\U0001f42f,animals & nature,False
ğŸ¦,\U0001f981,animals & nature,False
ğŸ®,\U0001f42e,animals & nature,False
ğŸ·,\U0001f437,animals & nature,False
ğŸ½,\U0001f43d,animals & nature,False
ğŸ¸,\U0001f438,animals & nature,False
ğŸµ,\U0001f435,animals & nature,False
ğŸ™ˆ,\U0001f648,animals & nature,False
ğŸ™‰,\U0001f649,animals & nature,False
ğŸ™Š,\U0001f64a,animals & nature,False
ğŸ’,\U0001f412,animals & nature,False
ğŸ”,\U0001f414,animals & nature,False
ğŸ§,\U0001f427,animals & nature,False
ğŸ¦,\U0001f426,animals & nature,False
ğŸ¤,\U0001f424,animals & nature,False
ğŸ£,\U0001f423,animals & nature,False
ğŸ¥,\U0001f425,animals & nature,False
ğŸª¿,\U0001fabf,animals & nature,False
ğŸ¦†,\U0001f986,animals & nature,False
ğŸ¦â€â¬›,\U0001f426\u200d\u2b1b,animals & nature,False
ğŸ¦…,\U0001f985,animals & nature,False
ğŸ¦‰,\U0001f989,animals & nature,False
ğŸ¦‡,\U0001f987,animals & nature,False
ğŸº,\U0001f43a,animals & nature,False
ğŸ—,\U0001f417,animals & nature,False
ğŸ´,\U0001f434,animals & nature,False
ğŸ¦„,\U0001f984,animals & nature,False
ğŸ«,\U0001face,animals & nature,False
ğŸ,\U0001f41d,animals & nature,False
ğŸª±,\U0001fab1,animals & nature,False
ğŸ›,\U0001f41b,animals & nature,False
ğŸ¦‹,\U0001f98b,animals & nature,False
ğŸŒ,\U0001f40c,animals & nature,False
ğŸ,\U0001f41e,animals & nature,False
ğŸœ,\U0001f41c,animals & nature,False
ğŸª°,\U0001fab0,animals & nature,False
ğŸª²,\U0001fab2,animals & nature,False
ğŸª³,\U0001fab3,animals & nature,False
ğŸ¦Ÿ,\U0001f99f,animals & nature,False
ğŸ¦—,\U0001f997,animals & nature,False
ğŸ•·ï¸,\U0001f577\ufe0f,animals & nature,False
ğŸ•¸ï¸,\U0001f578\ufe0f,animals & nature,False
ğŸ¦‚,\U0001f982,animals & nature,False
ğŸ¢,\U0001f422,animals & nature,False
ğŸ,\U0001f40d,animals & nature,False
ğŸ¦,\U0001f98e,animals & nature,False
ğŸ¦–,\U0001f996,animals & nature,False
ğŸ¦•,\U0001f995,animals & nature,False
ğŸ™,\U0001f419,animals & nature,False
ğŸ¦‘,\U0001f991,animals & nature,False
ğŸª¼,\U0001fabc,animals & nature,False
ğŸ¦,\U0001f990,animals & nature,False
ğŸ¦,\U0001f99e,animals & nature,False
ğŸ¦€,\U0001f980,animals & nature,False
ğŸ¡,\U0001f421,animals & nature,False
ğŸ ,\U0001f420,animals & nature,False
ğŸŸ,\U0001f41f,animals & nature,False
ğŸ¬,\U0001f42c,animals & nature,False
ğŸ³,\U0001f433,animals & nature,False
ğŸ‹,\U0001f40b,animals & nature,False
ğŸ¦ˆ,\U0001f988,animals & nature,False
ğŸ¦­,\U0001f9ad,animals & nature,False
ğŸŠ,\U0001f40a,animals & nature,False
ğŸ…,\U0001f405,animals & nature,False
ğŸ†,\U0001f406,animals & nature,False
ğŸ¦“,\U0001f993,animals & nature,False
ğŸ¦,\U0001f98d,animals & nature,False
ğŸ¦§,\U0001f9a7,animals & nature,False
ğŸ¦£,\U0001f9a3,animals & nature,False
ğŸ˜,\U0001f418,animals & nature,False
ğŸ¦›,\U0001f99b,animals & nature,False
ğŸ¦,\U0001f98f,animals & nature,False
ğŸª,\U0001f42a,animals & nature,False
ğŸ«,\U0001f42b,animals & nature,False
ğŸ¦’,\U0001f992,animals & nature,False
ğŸ¦˜,\U0001f998,animals & nature,False
ğŸ¦¬,\U0001f9ac,animals & nature,False
ğŸƒ,\U0001f403,animals & nature,False
ğŸ‚,\U0001f402,animals & nature,False
ğŸ„,\U0001f404,animals & nature,False
ğŸ«,\U0001facf,animals & nature,False
ğŸ,\U0001f40e,animals & nature,False
ğŸ–,\U0001f416,animals & nature,False
ğŸ,\U0001f40f,animals & nature,False
ğŸ‘,\U0001f411,animals & nature,False
ğŸ¦™,\U0001f999,animals & nature,False
ğŸ,\U0001f410,animals & nature,False
ğŸ¦Œ,\U0001f98c,animals & nature,False
ğŸ•,\U0001f415,animals & nature,False
ğŸ©,\U0001f429,animals & nature,False
ğŸ¦®,\U0001f9ae,animals & nature,False
ğŸ•â€ğŸ¦º,\U0001f415\u200d\U0001f9ba,animals & nature,False
ğŸˆ,\U0001f408,animals & nature,False
ğŸˆâ€â¬›,\U0001f408\u200d\u2b1b,animals & nature,False
ğŸª¶,\U0001fab6,animals & nature,False
ğŸª½,\U0001fabd,animals & nature,False
ğŸ“,\U0001f413,animals & nature,False
ğŸ¦ƒ,\U0001f983,animals & nature,False
ğŸ¦¤,\U0001f9a4,animals & nature,False
ğŸ¦š,\U0001f99a,animals & nature,False
ğŸ¦œ,\U0001f99c,animals & nature,False
ğŸ¦¢,\U0001f9a2,animals & nature,False
ğŸ¦©,\U0001f9a9,animals & nature,False
ğŸ•Šï¸,\U0001f54a\ufe0f,animals & nature,False
ğŸ‡,\U0001f407,animals & nature,False
ğŸ¦,\U0001f99d,animals & nature,False
ğŸ¦¨,\U0001f9a8,animals & nature,False
ğŸ¦¡,\U0001f9a1,animals & nature,False
ğŸ¦«,\U0001f9ab,animals & nature,False
ğŸ¦¦,\U0001f9a6,animals & nature,False
ğŸ¦¥,\U0001f9a5,animals & nature,False
ğŸ,\U0001f401,animals & nature,False
ğŸ€,\U0001f400,animals & nature,False
ğŸ¿ï¸,\U0001f43f\ufe0f,animals & nature,False
ğŸ¦”,\U0001f994,animals & nature,False
ğŸ¾,\U0001f43e,animals & nature,False
ğŸ‰,\U0001f409,animals & nature,False
ğŸ²,\U0001f432,animals & nature,False
ğŸŒµ,\U0001f335,animals & nature,False
ğŸ„,\U0001f384,animals & nature,False
ğŸŒ²,\U0001f332,animals & nature,False
ğŸŒ³,\U0001f333,animals & nature,False
ğŸŒ´,\U0001f334,animals & nature,False
ğŸªµ,\U0001fab5,animals & nature,False
ğŸŒ±,\U0001f331,animals & nature,False
ğŸŒ¿,\U0001f33f,animals & nature,False
â˜˜ï¸,\u2618\ufe0f,animals & nature,False
ğŸ€,\U0001f340,animals & nature,False
ğŸ,\U0001f38d,animals & nature,False
ğŸª´,\U0001fab4,animals & nature,False
ğŸ‹,\U0001f38b,animals & nature,False
ğŸƒ,\U0001f343,animals & nature,False
ğŸ‚,\U0001f342,animals & nature,False
ğŸ,\U0001f341,animals & nature,False
ğŸªº,\U0001faba,animals & nature,False
ğŸª¹,\U0001fab9,animals & nature,False
ğŸ„,\U0001f344,animals & nature,False
ğŸš,\U0001f41a,animals & nature,False
ğŸª¸,\U0001fab8,animals & nature,False
ğŸª¨,\U0001faa8,animals & nature,False
ğŸŒ¾,\U0001f33e,animals & nature,False
ğŸ’,\U0001f490,animals & nature,False
ğŸŒ·,\U0001f337,animals & nature,False
ğŸŒ¹,\U0001f339,animals & nature,False
ğŸ¥€,\U0001f940,animals & nature,False
ğŸª»,\U0001fabb,animals & nature,False
ğŸª·,\U0001fab7,animals & nature,False
ğŸŒº,\U0001f33a,animals & nature,False
ğŸŒ¸,\U0001f338,animals & nature,False
ğŸŒ¼,\U0001f33c,animals & nature,False
ğŸŒ»,\U0001f33b,animals & nature,False
ğŸŒ,\U0001f31e,animals & nature,False
ğŸŒ,\U0001f31d,animals & nature,False
ğŸŒ›,\U0001f31b,animals & nature,False
ğŸŒœ,\U0001f31c,animals & nature,False
ğŸŒš,\U0001f31a,animals & nature,False
ğŸŒ•,\U0001f315,animals & nature,False
ğŸŒ–,\U0001f316,animals & nature,False
ğŸŒ—,\U0001f317,animals & nature,False
ğŸŒ˜,\U0001f318,animals & nature,False
ğŸŒ‘,\U0001f311,animals & nature,False
ğŸŒ’,\U0001f312,animals & nature,False
ğŸŒ“,\U0001f313,animals & nature,False
ğŸŒ”,\U0001f314,animals & nature,False
ğŸŒ™,\U0001f319,animals & nature,False
ğŸŒ,\U0001f30e,animals & nature,False
ğŸŒ,\U0001f30d,animals & nature,False
ğŸŒ,\U0001f30f,animals & nature,False
ğŸª,\U0001fa90,animals & nature,False
ğŸ’«,\U0001f4ab,animals & nature,False
â­,\u2b50,animals & nature,False
ğŸŒŸ,\U0001f31f,animals & nature,False
âœ¨,\u2728,animals & nature,False
âš¡,\u26a1,animals & nature,False
â˜„ï¸,\u2604\ufe0f,animals & nature,False
ğŸ’¥,\U0001f4a5,animals & nature,False
ğŸ”¥,\U0001f525,animals & nature,False
ğŸŒªï¸,\U0001f32a\ufe0f,animals & nature,False
ğŸŒˆ,\U0001f308,animals & nature,False
â˜€ï¸,\u2600\ufe0f,animals & nature,False
ğŸŒ¤ï¸,\U0001f324\ufe0f,animals & nature,False
â›…,\u26c5,animals & nature,False
ğŸŒ¥ï¸,\U0001f325\ufe0f,animals & nature,False
â˜ï¸,\u2601\ufe0f,animals & nature,False
ğŸŒ¦ï¸,\U0001f326\ufe0f,animals & nature,False
ğŸŒ§ï¸,\U0001f327\ufe0f,animals & nature,False
â›ˆï¸,\u26c8\ufe0f,animals & nature,False
ğŸŒ©ï¸,\U0001f329\ufe0f,animals & nature,False
ğŸŒ¨ï¸,\U0001f328\ufe0f,animals & nature,False
â„ï¸,\u2744\ufe0f,animals & nature,False
â˜ƒï¸,\u2603\ufe0f,animals & nature,False
â›„,\u26c4,animals & nature,False
ğŸŒ¬ï¸,\U0001f32c\ufe0f,animals & nature,False
ğŸ’¨,\U0001f4a8,animals & nature,False
ğŸ’§,\U0001f4a7,animals & nature,False
ğŸ’¦,\U0001f4a6,animals & nature,False
ğŸ«§,\U0001fae7,animals & nature,False
â˜”,\u2614,animals & nature,False
â˜‚ï¸,\u2602\ufe0f,animals & nature,False
ğŸŒŠ,\U0001f30a,animals & nature,False
ğŸŒ«ï¸,\U0001f32b\ufe0f,animals & nature,False
ğŸ,\U0001f34f,eat & drink,False
ğŸ,\U0001f34e,eat & drink,False
ğŸ,\U0001f350,eat & drink,False
ğŸŠ,\U0001f34a,eat & drink,False
ğŸ‹,\U0001f34b,eat & drink,False
ğŸŒ,\U0001f34c,eat & drink,False
ğŸ‰,\U0001f349,eat & drink,False
ğŸ‡,\U0001f347,eat & drink,False
ğŸ“,\U0001f353,eat & drink,False
ğŸ«,\U0001fad0,eat & drink,False
ğŸˆ,\U0001f348,eat & drink,False
ğŸ’,\U0001f352,eat & drink,False
ğŸ‘,\U0001f351,eat & drink,False
ğŸ¥­,\U0001f96d,eat & drink,False
ğŸ,\U0001f34d,eat & drink,False
ğŸ¥¥,\U0001f965,eat & drink,False
ğŸ¥,\U0001f95d,eat & drink,False
ğŸ…,\U0001f345,eat & drink,False
ğŸ†,\U0001f346,eat & drink,False
ğŸ¥‘,\U0001f951,eat & drink,False
ğŸ«›,\U0001fadb,eat & drink,False
ğŸ¥¦,\U0001f966,eat & drink,False
ğŸ¥¬,\U0001f96c,eat & drink,False
ğŸ¥’,\U0001f952,eat & drink,False
ğŸŒ¶ï¸,\U0001f336\ufe0f,eat & drink,False
ğŸ«‘,\U0001fad1,eat & drink,False
ğŸŒ½,\U0001f33d,eat & drink,False
ğŸ¥•,\U0001f955,eat & drink,False
ğŸ«’,\U0001fad2,eat & drink,False
ğŸ§„,\U0001f9c4,eat & drink,False
ğŸ§…,\U0001f9c5,eat & drink,False
ğŸ¥”,\U0001f954,eat & drink,False
ğŸ ,\U0001f360,eat & drink,False
ğŸ«š,\U0001fada,eat & drink,False
ğŸ¥,\U0001f950,eat & drink,False
ğŸ¥¯,\U0001f96f,eat & drink,False
ğŸ,\U0001f35e,eat & drink,False
ğŸ¥–,\U0001f956,eat & drink,False
ğŸ¥¨,\U0001f968,eat & drink,False
ğŸ§€,\U0001f9c0,eat & drink,False
ğŸ¥š,\U0001f95a,eat & drink,False
ğŸ³,\U0001f373,eat & drink,False
ğŸ§ˆ,\U0001f9c8,eat & drink,False
ğŸ¥,\U0001f95e,eat & drink,False
ğŸ§‡,\U0001f9c7,eat & drink,False
ğŸ¥“,\U0001f953,eat & drink,False
ğŸ¥©,\U0001f969,eat & drink,False
ğŸ—,\U0001f357,eat & drink,False
ğŸ–,\U0001f356,eat & drink,False
ğŸ¦´,\U0001f9b4,eat & drink,False
ğŸŒ­,\U0001f32d,eat & drink,False
ğŸ”,\U0001f354,eat & drink,False
ğŸŸ,\U0001f35f,eat & drink,False
ğŸ•,\U0001f355,eat & drink,False
ğŸ«“,\U0001fad3,eat & drink,False
ğŸ¥ª,\U0001f96a,eat & drink,False
ğŸ¥™,\U0001f959,eat & drink,False
ğŸ§†,\U0001f9c6,eat & drink,False
ğŸŒ®,\U0001f32e,eat & drink,False
ğŸŒ¯,\U0001f32f,eat & drink,False
ğŸ«”,\U0001fad4,eat & drink,False
ğŸ¥—,\U0001f957,eat & drink,False
ğŸ¥˜,\U0001f958,eat & drink,False
ğŸ«•,\U0001fad5,eat & drink,False
ğŸ¥«,\U0001f96b,eat & drink,False
ğŸ«™,\U0001fad9,eat & drink,False
ğŸ,\U0001f35d,eat & drink,False
ğŸœ,\U0001f35c,eat & drink,False
ğŸ²,\U0001f372,eat & drink,False
ğŸ›,\U0001f35b,eat & drink,False
ğŸ£,\U0001f363,eat & drink,False
ğŸ±,\U0001f371,eat & drink,False
ğŸ¥Ÿ,\U0001f95f,eat & drink,False
ğŸ¦ª,\U0001f9aa,eat & drink,False
ğŸ¤,\U0001f364,eat & drink,False
ğŸ™,\U0001f359,eat & drink,False
ğŸš,\U0001f35a,eat & drink,False
ğŸ˜,\U0001f358,eat & drink,False
ğŸ¥,\U0001f365,eat & drink,False
ğŸ¥ ,\U0001f960,eat & drink,False
ğŸ¥®,\U0001f96e,eat & drink,False
ğŸ¢,\U0001f362,eat & drink,False
ğŸ¡,\U0001f361,eat & drink,False
ğŸ§,\U0001f367,eat & drink,False
ğŸ¨,\U0001f368,eat & drink,False
ğŸ¦,\U0001f366,eat & drink,False
ğŸ¥§,\U0001f967,eat & drink,False
ğŸ§,\U0001f9c1,eat & drink,False
ğŸ°,\U0001f370,eat & drink,False
ğŸ‚,\U0001f382,eat & drink,False
ğŸ®,\U0001f36e,eat & drink,False
ğŸ­,\U0001f36d,eat & drink,False
ğŸ¬,\U0001f36c,eat & drink,False
ğŸ«,\U0001f36b,eat & drink,False
ğŸ¿,\U0001f37f,eat & drink,False
ğŸ©,\U0001f369,eat & drink,False
ğŸª,\U0001f36a,eat & drink,False
ğŸŒ°,\U0001f330,eat & drink,False
ğŸ¥œ,\U0001f95c,eat & drink,False
ğŸ«˜,\U0001fad8,eat & drink,False
ğŸ¯,\U0001f36f,eat & drink,False
ğŸ¥›,\U0001f95b,eat & drink,False
ğŸ«—,\U0001fad7,eat & drink,False
ğŸ¼,\U0001f37c,eat & drink,False
ğŸ«–,\U0001fad6,eat & drink,False
â˜•,\u2615,eat & drink,False
ğŸµ,\U0001f375,eat & drink,False
ğŸ§ƒ,\U0001f9c3,eat & drink,False
ğŸ¥¤,\U0001f964,eat & drink,False
ğŸ§‹,\U0001f9cb,eat & drink,False
ğŸ¶,\U0001f376,eat & drink,False
ğŸº,\U0001f37a,eat & drink,False
ğŸ»,\U0001f37b,eat & drink,False
ğŸ¥‚,\U0001f942,eat & drink,False
ğŸ·,\U0001f377,eat & drink,False
ğŸ¥ƒ,\U0001f943,eat & drink,False
ğŸ¸,\U0001f378,eat & drink,False
ğŸ¹,\U0001f379,eat & drink,False
ğŸ§‰,\U0001f9c9,eat & drink,False
ğŸ¾,\U0001f37e,eat & drink,False
ğŸ§Š,\U0001f9ca,eat & drink,False
ğŸ¥„,\U0001f944,eat & drink,False
ğŸ´,\U0001f374,eat & drink,False
ğŸ½ï¸,\U0001f37d\ufe0f,eat & drink,False
ğŸ¥£,\U0001f963,eat & drink,False
ğŸ¥¡,\U0001f961,eat & drink,False
ğŸ¥¢,\U0001f962,eat & drink,False
ğŸ§‚,\U0001f9c2,eat & drink,False
âš½,\u26bd,activities,False
ğŸ€,\U0001f3c0,activities,False
ğŸˆ,\U0001f3c8,activities,False
âš¾,\u26be,activities,False
ğŸ¥,\U0001f94e,activities,False
ğŸ¾,\U0001f3be,activities,False
ğŸ,\U0001f3d0,activities,False
ğŸ‰,\U0001f3c9,activities,False
ğŸ¥,\U0001f94f,activities,False
ğŸ±,\U0001f3b1,activities,False
ğŸª€,\U0001fa80,activities,False
ğŸ“,\U0001f3d3,activities,False
ğŸ¸,\U0001f3f8,activities,False
ğŸ’,\U0001f3d2,activities,False
ğŸ‘,\U0001f3d1,activities,False
ğŸ¥,\U0001f94d,activities,False
ğŸ,\U0001f3cf,activities,False
ğŸªƒ,\U0001fa83,activities,False
ğŸ¥…,\U0001f945,activities,False
â›³,\u26f3,activities,False
ğŸª,\U0001fa81,activities,False
ğŸ›,\U0001f6dd,activities,False
ğŸ¹,\U0001f3f9,activities,False
ğŸ£,\U0001f3a3,activities,False
ğŸ¤¿,\U0001f93f,activities,False
ğŸ¥Š,\U0001f94a,activities,False
ğŸ¥‹,\U0001f94b,activities,False
ğŸ½,\U0001f3bd,activities,False
ğŸ›¹,\U0001f6f9,activities,False
ğŸ›¼,\U0001f6fc,activities,False
ğŸ›·,\U0001f6f7,activities,False
â›¸ï¸,\u26f8\ufe0f,activities,False
ğŸ¥Œ,\U0001f94c,activities,False
ğŸ¿,\U0001f3bf,activities,False
â›·ï¸,\u26f7\ufe0f,activities,False
ğŸ‚,\U0001f3c2,activities,False
ğŸª‚,\U0001fa82,activities,False
ğŸ‹ï¸â€â™€ï¸,\U0001f3cb\ufe0f\u200d\u2640\ufe0f,activities,True
ğŸ‹ï¸â€â™‚ï¸,\U0001f3cb\ufe0f\u200d\u2642\ufe0f,activities,True
ğŸ¤¼â€â™€ï¸,\U0001f93c\u200d\u2640\ufe0f,activities,False
ğŸ¤¼â€â™‚ï¸,\U0001f93c\u200d\u2642\ufe0f,activities,False
ğŸ¤¸â€â™€ï¸,\U0001f938\u200d\u2640\ufe0f,activities,True
ğŸ¤¸,\U0001f938,activities,True
ğŸ¤¸â€â™‚ï¸,\U0001f938\u200d\u2642\ufe0f,activities,True
â›¹ï¸â€â™€ï¸,\u26f9\ufe0f\u200d\u2640\ufe0f,activities,True
â›¹ï¸,\u26f9\ufe0f,activities,True
â›¹ï¸â€â™‚ï¸,\u26f9\ufe0f\u200d\u2642\ufe0f,activities,True
ğŸ¤º,\U0001f93a,activities,False
ğŸ¤¾â€â™€ï¸,\U0001f93e\u200d\u2640\ufe0f,activities,True
ğŸ¤¾,\U0001f93e,activities,True
ğŸ¤¾â€â™‚ï¸,\U0001f93e\u200d\u2642\ufe0f,activities,True
ğŸŒï¸â€â™€ï¸,\U0001f3cc\ufe0f\u200d\u2640\ufe0f,activities,True
ğŸŒï¸,\U0001f3cc\ufe0f,activities,True
ğŸŒï¸â€â™‚ï¸,\U0001f3cc\ufe0f\u200d\u2642\ufe0f,activities,True
ğŸ‡,\U0001f3c7,activities,True
ğŸ§˜â€â™€ï¸,\U0001f9d8\u200d\u2640\ufe0f,activities,True
ğŸ§˜,\U0001f9d8,activities,True
ğŸ§˜â€â™‚ï¸,\U0001f9d8\u200d\u2642\ufe0f,activities,True
ğŸ„â€â™€ï¸,\U0001f3c4\u200d\u2640\ufe0f,activities,True
ğŸ„,\U0001f3c4,activities,True
ğŸ„â€â™‚ï¸,\U0001f3c4\u200d\u2642\ufe0f,activities,True
ğŸŠâ€â™€ï¸,\U0001f3ca\u200d\u2640\ufe0f,activities,True
ğŸŠ,\U0001f3ca,activities,True
ğŸŠâ€â™‚ï¸,\U0001f3ca\u200d\u2642\ufe0f,activities,True
ğŸ¤½â€â™€ï¸,\U0001f93d\u200d\u2640\ufe0f,activities,True
ğŸ¤½,\U0001f93d,activities,True
ğŸ¤½â€â™‚ï¸,\U0001f93d\u200d\u2642\ufe0f,activities,True
ğŸš£â€â™€ï¸,\U0001f6a3\u200d\u2640\ufe0f,activities,True
ğŸš£,\U0001f6a3,activities,True
ğŸš£â€â™‚ï¸,\U0001f6a3\u200d\u2642\ufe0f,activities,True
ğŸ§—â€â™€ï¸,\U0001f9d7\u200d\u2640\ufe0f,activities,True
ğŸ§—,\U0001f9d7,activities,True
ğŸ§—â€â™‚ï¸,\U0001f9d7\u200d\u2642\ufe0f,activities,True
ğŸšµâ€â™€ï¸,\U0001f6b5\u200d\u2640\ufe0f,activities,True
ğŸšµ,\U0001f6b5,activities,True
ğŸšµâ€â™‚ï¸,\U0001f6b5\u200d\u2642\ufe0f,activities,True
ğŸš´â€â™€ï¸,\U0001f6b4\u200d\u2640\ufe0f,activities,True
ğŸš´,\U0001f6b4,activities,True
ğŸš´â€â™‚ï¸,\U0001f6b4\u200d\u2642\ufe0f,activities,True
ğŸ†,\U0001f3c6,activities,False
ğŸ¥‡,\U0001f947,activities,False
ğŸ¥ˆ,\U0001f948,activities,False
ğŸ¥‰,\U0001f949,activities,False
ğŸ…,\U0001f3c5,activities,False
ğŸ–ï¸,\U0001f396\ufe0f,activities,False
ğŸµï¸,\U0001f3f5\ufe0f,activities,False
ğŸ—ï¸,\U0001f397\ufe0f,activities,False
ğŸ«,\U0001f3ab,activities,False
ğŸŸï¸,\U0001f39f\ufe0f,activities,False
ğŸª,\U0001f3aa,activities,False
ğŸ¤¹â€â™€ï¸,\U0001f939\u200d\u2640\ufe0f,activities,True
ğŸ¤¹â€â™‚ï¸,\U0001f939\u200d\u2642\ufe0f,activities,True
ğŸ­,\U0001f3ad,activities,False
ğŸ©°,\U0001fa70,activities,False
ğŸ¨,\U0001f3a8,activities,False
ğŸ¬,\U0001f3ac,activities,False
ğŸ¤,\U0001f3a4,activities,False
ğŸ§,\U0001f3a7,activities,False
ğŸ¼,\U0001f3bc,activities,False
ğŸ¹,\U0001f3b9,activities,False
ğŸª‡,\U0001fa87,activities,False
ğŸ¥,\U0001f941,activities,False
ğŸª˜,\U0001fa98,activities,False
ğŸ·,\U0001f3b7,activities,False
ğŸº,\U0001f3ba,activities,False
ğŸª—,\U0001fa97,activities,False
ğŸ¸,\U0001f3b8,activities,False
ğŸª•,\U0001fa95,activities,False
ğŸ»,\U0001f3bb,activities,False
ğŸªˆ,\U0001fa88,activities,False
ğŸ²,\U0001f3b2,activities,False
â™Ÿï¸,\u265f\ufe0f,activities,False
ğŸ¯,\U0001f3af,activities,False
ğŸ³,\U0001f3b3,activities,False
ğŸ®,\U0001f3ae,activities,False
ğŸ°,\U0001f3b0,activities,False
ğŸ§©,\U0001f9e9,activities,False
ğŸš—,\U0001f697,travel & places,False
ğŸš•,\U0001f695,travel & places,False
ğŸš™,\U0001f699,travel & places,False
ğŸšŒ,\U0001f68c,travel & places,False
ğŸš,\U0001f68e,travel & places,False
ğŸï¸,\U0001f3ce\ufe0f,travel & places,False
ğŸš“,\U0001f693,travel & places,False
ğŸš‘,\U0001f691,travel & places,False
ğŸš’,\U0001f692,travel & places,False
ğŸš,\U0001f690,travel & places,False
ğŸ›»,\U0001f6fb,travel & places,False
ğŸšš,\U0001f69a,travel & places,False
ğŸš›,\U0001f69b,travel & places,False
ğŸšœ,\U0001f69c,travel & places,False
ğŸ¦¯,\U0001f9af,travel & places,False
ğŸ¦½,\U0001f9bd,travel & places,False
ğŸ¦¼,\U0001f9bc,travel & places,False
ğŸ©¼,\U0001fa7c,travel & places,False
ğŸ›´,\U0001f6f4,travel & places,False
ğŸš²,\U0001f6b2,travel & places,False
ğŸ›µ,\U0001f6f5,travel & places,False
ğŸï¸,\U0001f3cd\ufe0f,travel & places,False
ğŸ›º,\U0001f6fa,travel & places,False
ğŸ›,\U0001f6de,travel & places,False
ğŸš¨,\U0001f6a8,travel & places,False
ğŸš”,\U0001f694,travel & places,False
ğŸš,\U0001f68d,travel & places,False
ğŸš˜,\U0001f698,travel & places,False
ğŸš–,\U0001f696,travel & places,False
ğŸš¡,\U0001f6a1,travel & places,False
ğŸš ,\U0001f6a0,travel & places,False
ğŸšŸ,\U0001f69f,travel & places,False
ğŸšƒ,\U0001f683,travel & places,False
ğŸš‹,\U0001f68b,travel & places,False
ğŸš,\U0001f69e,travel & places,False
ğŸš,\U0001f69d,travel & places,False
ğŸš„,\U0001f684,travel & places,False
ğŸš…,\U0001f685,travel & places,False
ğŸšˆ,\U0001f688,travel & places,False
ğŸš‚,\U0001f682,travel & places,False
ğŸš†,\U0001f686,travel & places,False
ğŸš‡,\U0001f687,travel & places,False
ğŸšŠ,\U0001f68a,travel & places,False
ğŸš‰,\U0001f689,travel & places,False
âœˆï¸,\u2708\ufe0f,travel & places,False
ğŸ›«,\U0001f6eb,travel & places,False
ğŸ›¬,\U0001f6ec,travel & places,False
ğŸ›©ï¸,\U0001f6e9\ufe0f,travel & places,False
ğŸ’º,\U0001f4ba,travel & places,False
ğŸ›°ï¸,\U0001f6f0\ufe0f,travel & places,False
ğŸš€,\U0001f680,travel & places,False
ğŸ›¸,\U0001f6f8,travel & places,False
ğŸš,\U0001f681,travel & places,False
ğŸ›¶,\U0001f6f6,travel & places,False
â›µ,\u26f5,travel & places,False
ğŸš¤,\U0001f6a4,travel & places,False
ğŸ›¥ï¸,\U0001f6e5\ufe0f,travel & places,False
ğŸ›³ï¸,\U0001f6f3\ufe0f,travel & places,False
â›´ï¸,\u26f4\ufe0f,travel & places,False
ğŸš¢,\U0001f6a2,travel & places,False
ğŸ›Ÿ,\U0001f6df,travel & places,False
âš“,\u2693,travel & places,False
ğŸª,\U0001fa9d,travel & places,False
â›½,\u26fd,travel & places,False
ğŸš§,\U0001f6a7,travel & places,False
ğŸš¦,\U0001f6a6,travel & places,False
ğŸš¥,\U0001f6a5,travel & places,False
ğŸš,\U0001f68f,travel & places,False
ğŸ—ºï¸,\U0001f5fa\ufe0f,travel & places,False
ğŸ—¿,\U0001f5ff,travel & places,False
ğŸ—½,\U0001f5fd,travel & places,False
ğŸ—¼,\U0001f5fc,travel & places,False
ğŸ°,\U0001f3f0,travel & places,False
ğŸ¯,\U0001f3ef,travel & places,False
ğŸŸï¸,\U0001f3df\ufe0f,travel & places,False
ğŸ¡,\U0001f3a1,travel & places,False
ğŸ¢,\U0001f3a2,travel & places,False
ğŸ ,\U0001f3a0,travel & places,False
â›²,\u26f2,travel & places,False
â›±ï¸,\u26f1\ufe0f,travel & places,False
ğŸ–ï¸,\U0001f3d6\ufe0f,travel & places,False
ğŸï¸,\U0001f3dd\ufe0f,travel & places,False
ğŸœï¸,\U0001f3dc\ufe0f,travel & places,False
ğŸŒ‹,\U0001f30b,travel & places,False
â›°ï¸,\u26f0\ufe0f,travel & places,False
ğŸ”ï¸,\U0001f3d4\ufe0f,travel & places,False
ğŸ—»,\U0001f5fb,travel & places,False
ğŸ•ï¸,\U0001f3d5\ufe0f,travel & places,False
â›º,\u26fa,travel & places,False
ğŸ›–,\U0001f6d6,travel & places,False
ğŸ ,\U0001f3e0,travel & places,False
ğŸ¡,\U0001f3e1,travel & places,False
ğŸ˜ï¸,\U0001f3d8\ufe0f,travel & places,False
ğŸšï¸,\U0001f3da\ufe0f,travel & places,False
ğŸ—ï¸,\U0001f3d7\ufe0f,travel & places,False
ğŸ­,\U0001f3ed,travel & places,False
ğŸ¢,\U0001f3e2,travel & places,False
ğŸ¬,\U0001f3ec,travel & places,False
ğŸ£,\U0001f3e3,travel & places,False
ğŸ¤,\U0001f3e4,travel & places,False
ğŸ¥,\U0001f3e5,travel & places,False
ğŸ¦,\U0001f3e6,travel & places,False
ğŸ¨,\U0001f3e8,travel & places,False
ğŸª,\U0001f3ea,travel & places,False
ğŸ«,\U0001f3eb,travel & places,False
ğŸ©,\U0001f3e9,travel & places,False
ğŸ’’,\U0001f492,travel & places,False
ğŸ›ï¸,\U0001f3db\ufe0f,travel & places,False
â›ª,\u26ea,travel & places,False
ğŸ•Œ,\U0001f54c,travel & places,False
ğŸ•,\U0001f54d,travel & places,False
ğŸ›•,\U0001f6d5,travel & places,False
ğŸ•‹,\U0001f54b,travel & places,False
â›©ï¸,\u26e9\ufe0f,travel & places,False
ğŸ›¤ï¸,\U0001f6e4\ufe0f,travel & places,False
ğŸ›£ï¸,\U0001f6e3\ufe0f,travel & places,False
ğŸ—¾,\U0001f5fe,travel & places,False
ğŸ‘,\U0001f391,travel & places,False
ğŸï¸,\U0001f3de\ufe0f,travel & places,False
ğŸŒ…,\U0001f305,travel & places,False
ğŸŒ„,\U0001f304,travel & places,False
ğŸŒ ,\U0001f320,travel & places,False
ğŸ‡,\U0001f387,travel & places,False
ğŸ†,\U0001f386,travel & places,False
ğŸŒ‡,\U0001f307,travel & places,False
ğŸŒ†,\U0001f306,travel & places,False
ğŸ™ï¸,\U0001f3d9\ufe0f,travel & places,False
ğŸŒƒ,\U0001f303,travel & places,False
ğŸŒŒ,\U0001f30c,travel & places,False
ğŸŒ‰,\U0001f309,travel & places,False
ğŸŒ,\U0001f301,travel & places,False
âŒš,\u231a,objects,False
ğŸ“±,\U0001f4f1,objects,False
ğŸ“²,\U0001f4f2,objects,False
ğŸ’»,\U0001f4bb,objects,False
âŒ¨ï¸,\u2328\ufe0f,objects,False
ğŸ–¥ï¸,\U0001f5a5\ufe0f,objects,False
ğŸ–¨ï¸,\U0001f5a8\ufe0f,objects,False
ğŸ–±ï¸,\U0001f5b1\ufe0f,objects,False
ğŸ–²ï¸,\U0001f5b2\ufe0f,objects,False
ğŸ•¹ï¸,\U0001f579\ufe0f,objects,False
ğŸ—œï¸,\U0001f5dc\ufe0f,objects,False
ğŸ’½,\U0001f4bd,objects,False
ğŸ’¾,\U0001f4be,objects,False
ğŸ’¿,\U0001f4bf,objects,False
ğŸ“€,\U0001f4c0,objects,False
ğŸ“¼,\U0001f4fc,objects,False
ğŸ“·,\U0001f4f7,objects,False
ğŸ“¸,\U0001f4f8,objects,False
ğŸ“¹,\U0001f4f9,objects,False
ğŸ¥,\U0001f3a5,objects,False
ğŸ“½ï¸,\U0001f4fd\ufe0f,objects,False
ğŸï¸,\U0001f39e\ufe0f,objects,False
ğŸ“,\U0001f4de,objects,False
â˜ï¸,\u260e\ufe0f,objects,False
ğŸ“Ÿ,\U0001f4df,objects,False
ğŸ“ ,\U0001f4e0,objects,False
ğŸ“º,\U0001f4fa,objects,False
ğŸ“»,\U0001f4fb,objects,False
ğŸ™ï¸,\U0001f399\ufe0f,objects,False
ğŸšï¸,\U0001f39a\ufe0f,objects,False
ğŸ›ï¸,\U0001f39b\ufe0f,objects,False
ğŸ§­,\U0001f9ed,objects,False
â±ï¸,\u23f1\ufe0f,objects,False
â²ï¸,\u23f2\ufe0f,objects,False
â°,\u23f0,objects,False
ğŸ•°ï¸,\U0001f570\ufe0f,objects,False
âŒ›,\u231b,objects,False
â³,\u23f3,objects,False
ğŸ“¡,\U0001f4e1,objects,False
ğŸ”‹,\U0001f50b,objects,False
ğŸª«,\U0001faab,objects,False
ğŸ”Œ,\U0001f50c,objects,False
ğŸ’¡,\U0001f4a1,objects,False
ğŸ”¦,\U0001f526,objects,False
ğŸ•¯ï¸,\U0001f56f\ufe0f,objects,False
ğŸª”,\U0001fa94,objects,False
ğŸ§¯,\U0001f9ef,objects,False
ğŸ›¢ï¸,\U0001f6e2\ufe0f,objects,False
ğŸ’¸,\U0001f4b8,objects,False
ğŸ’µ,\U0001f4b5,objects,False
ğŸ’´,\U0001f4b4,objects,False
ğŸ’¶,\U0001f4b6,objects,False
ğŸ’·,\U0001f4b7,objects,False
ğŸª™,\U0001fa99,objects,False
ğŸ’°,\U0001f4b0,objects,False
ğŸ’³,\U0001f4b3,objects,False
ğŸªª,\U0001faaa,objects,False
ğŸ’,\U0001f48e,objects,False
âš–ï¸,\u2696\ufe0f,objects,False
ğŸªœ,\U0001fa9c,objects,False
ğŸ§°,\U0001f9f0,objects,False
ğŸª›,\U0001fa9b,objects,False
ğŸ”§,\U0001f527,objects,False
ğŸ”¨,\U0001f528,objects,False
âš’ï¸,\u2692\ufe0f,objects,False
ğŸ› ï¸,\U0001f6e0\ufe0f,objects,False
â›ï¸,\u26cf\ufe0f,objects,False
ğŸªš,\U0001fa9a,objects,False
ğŸ”©,\U0001f529,objects,False
âš™ï¸,\u2699\ufe0f,objects,False
ğŸª¤,\U0001faa4,objects,False
ğŸ§±,\U0001f9f1,objects,False
â›“ï¸,\u26d3\ufe0f,objects,False
ğŸ§²,\U0001f9f2,objects,False
ğŸ”«,\U0001f52b,objects,False
ğŸ’£,\U0001f4a3,objects,False
ğŸ§¨,\U0001f9e8,objects,False
ğŸª“,\U0001fa93,objects,False
ğŸ”ª,\U0001f52a,objects,False
ğŸ—¡ï¸,\U0001f5e1\ufe0f,objects,False
âš”ï¸,\u2694\ufe0f,objects,False
ğŸ›¡ï¸,\U0001f6e1\ufe0f,objects,False
ğŸš¬,\U0001f6ac,objects,False
âš°ï¸,\u26b0\ufe0f,objects,False
ğŸª¦,\U0001faa6,objects,False
âš±ï¸,\u26b1\ufe0f,objects,False
ğŸº,\U0001f3fa,objects,False
ğŸ”®,\U0001f52e,objects,False
ğŸ“¿,\U0001f4ff,objects,False
ğŸ§¿,\U0001f9ff,objects,False
ğŸª¬,\U0001faac,objects,False
ğŸ’ˆ,\U0001f488,objects,False
âš—ï¸,\u2697\ufe0f,objects,False
ğŸ”­,\U0001f52d,objects,False
ğŸ”¬,\U0001f52c,objects,False
ğŸ•³ï¸,\U0001f573\ufe0f,objects,False
ğŸ©»,\U0001fa7b,objects,False
ğŸ©¹,\U0001fa79,objects,False
ğŸ©º,\U0001fa7a,objects,False
ğŸ’Š,\U0001f48a,objects,False
ğŸ’‰,\U0001f489,objects,False
ğŸ©¸,\U0001fa78,objects,False
ğŸ§¬,\U0001f9ec,objects,False
ğŸ¦ ,\U0001f9a0,objects,False
ğŸ§«,\U0001f9eb,objects,False
ğŸ§ª,\U0001f9ea,objects,False
ğŸŒ¡ï¸,\U0001f321\ufe0f,objects,False
ğŸ§¹,\U0001f9f9,objects,False
ğŸª ,\U0001faa0,objects,False
ğŸ§º,\U0001f9fa,objects,False
ğŸ§»,\U0001f9fb,objects,False
ğŸš½,\U0001f6bd,objects,False
ğŸš°,\U0001f6b0,objects,False
ğŸš¿,\U0001f6bf,objects,False
ğŸ›,\U0001f6c1,objects,False
ğŸ›€,\U0001f6c0,objects,True
ğŸ§¼,\U0001f9fc,objects,False
ğŸª¥,\U0001faa5,objects,False
ğŸª’,\U0001fa92,objects,False
ğŸª®,\U0001faae,objects,False
ğŸ§½,\U0001f9fd,objects,False
ğŸª£,\U0001faa3,objects,False
ğŸ§´,\U0001f9f4,objects,False
ğŸ›ï¸,\U0001f6ce\ufe0f,objects,False
ğŸ”‘,\U0001f511,objects,False
ğŸ—ï¸,\U0001f5dd\ufe0f,objects,False
ğŸšª,\U0001f6aa,objects,False
ğŸª‘,\U0001fa91,objects,False
ğŸ›‹ï¸,\U0001f6cb\ufe0f,objects,False
ğŸ›ï¸,\U0001f6cf\ufe0f,objects,False
ğŸ›Œ,\U0001f6cc,objects,True
ğŸ§¸,\U0001f9f8,objects,False
ğŸª†,\U0001fa86,objects,False
ğŸ–¼ï¸,\U0001f5bc\ufe0f,objects,False
ğŸª,\U0001fa9e,objects,False
ğŸªŸ,\U0001fa9f,objects,False
ğŸ›ï¸,\U0001f6cd\ufe0f,objects,False
ğŸ›’,\U0001f6d2,objects,False
ğŸ,\U0001f381,objects,False
ğŸˆ,\U0001f388,objects,False
ğŸ,\U0001f38f,objects,False
ğŸ€,\U0001f380,objects,False
ğŸª„,\U0001fa84,objects,False
ğŸª…,\U0001fa85,objects,False
ğŸŠ,\U0001f38a,objects,False
ğŸ‰,\U0001f389,objects,False
ğŸ,\U0001f38e,objects,False
ğŸª­,\U0001faad,objects,False
ğŸ®,\U0001f3ee,objects,False
ğŸ,\U0001f390,objects,False
ğŸª©,\U0001faa9,objects,False
ğŸ§§,\U0001f9e7,objects,False
âœ‰ï¸,\u2709\ufe0f,objects,False
ğŸ“©,\U0001f4e9,objects,False
ğŸ“¨,\U0001f4e8,objects,False
ğŸ“§,\U0001f4e7,objects,False
ğŸ’Œ,\U0001f48c,objects,False
ğŸ“¥,\U0001f4e5,objects,False
ğŸ“¤,\U0001f4e4,objects,False
ğŸ“¦,\U0001f4e6,objects,False
ğŸ·ï¸,\U0001f3f7\ufe0f,objects,False
ğŸª§,\U0001faa7,objects,False
ğŸ“ª,\U0001f4ea,objects,False
ğŸ“«,\U0001f4eb,objects,False
ğŸ“¬,\U0001f4ec,objects,False
ğŸ“­,\U0001f4ed,objects,False
ğŸ“®,\U0001f4ee,objects,False
ğŸ“¯,\U0001f4ef,objects,False
ğŸ“œ,\U0001f4dc,objects,False
ğŸ“ƒ,\U0001f4c3,objects,False
ğŸ“„,\U0001f4c4,objects,False
ğŸ“‘,\U0001f4d1,objects,False
ğŸ§¾,\U0001f9fe,objects,False
ğŸ“Š,\U0001f4ca,objects,False
ğŸ“ˆ,\U0001f4c8,objects,False
ğŸ“‰,\U0001f4c9,objects,False
ğŸ—’ï¸,\U0001f5d2\ufe0f,objects,False
ğŸ—“ï¸,\U0001f5d3\ufe0f,objects,False
ğŸ“†,\U0001f4c6,objects,False
ğŸ“…,\U0001f4c5,objects,False
ğŸ—‘ï¸,\U0001f5d1\ufe0f,objects,False
ğŸ“‡,\U0001f4c7,objects,False
ğŸ—ƒï¸,\U0001f5c3\ufe0f,objects,False
ğŸ—³ï¸,\U0001f5f3\ufe0f,objects,False
ğŸ—„ï¸,\U0001f5c4\ufe0f,objects,False
ğŸ“‹,\U0001f4cb,objects,False
ğŸ“,\U0001f4c1,objects,False
ğŸ“‚,\U0001f4c2,objects,False
ğŸ—‚ï¸,\U0001f5c2\ufe0f,objects,False
ğŸ—ï¸,\U0001f5de\ufe0f,objects,False
ğŸ“°,\U0001f4f0,objects,False
ğŸ““,\U0001f4d3,objects,False
ğŸ“”,\U0001f4d4,objects,False
ğŸ“’,\U0001f4d2,objects,False
ğŸ“•,\U0001f4d5,objects,False
ğŸ“—,\U0001f4d7,objects,False
ğŸ“˜,\U0001f4d8,objects,False
ğŸ“™,\U0001f4d9,objects,False
ğŸ“š,\U0001f4da,objects,False
ğŸ“–,\U0001f4d6,objects,False
ğŸ”–,\U0001f516,objects,False
ğŸ§·,\U0001f9f7,objects,False
ğŸ”—,\U0001f517,objects,False
ğŸ“,\U0001f4ce,objects,False
ğŸ–‡ï¸,\U0001f587\ufe0f,objects,False
ğŸ“,\U0001f4d0,objects,False
ğŸ“,\U0001f4cf,objects,False
ğŸ§®,\U0001f9ee,objects,False
ğŸ“Œ,\U0001f4cc,objects,False
ğŸ“,\U0001f4cd,objects,False
âœ‚ï¸,\u2702\ufe0f,objects,False
ğŸ–Šï¸,\U0001f58a\ufe0f,objects,False
ğŸ–‹ï¸,\U0001f58b\ufe0f,objects,False
âœ’ï¸,\u2712\ufe0f,objects,False
ğŸ–Œï¸,\U0001f58c\ufe0f,objects,False
ğŸ–ï¸,\U0001f58d\ufe0f,objects,False
ğŸ“,\U0001f4dd,objects,False
âœï¸,\u270f\ufe0f,objects,False
ğŸ”,\U0001f50d,objects,False
ğŸ”,\U0001f50e,objects,False
ğŸ”,\U0001f50f,objects,False
ğŸ”,\U0001f510,objects,False
ğŸ”’,\U0001f512,objects,False
ğŸ”“,\U0001f513,objects,False
ğŸ©·,\U0001fa77,symbols,False
â¤ï¸,\u2764\ufe0f,symbols,False
ğŸ§¡,\U0001f9e1,symbols,False
ğŸ’›,\U0001f49b,symbols,False
ğŸ’š,\U0001f49a,symbols,False
ğŸ©µ,\U0001fa75,symbols,False
ğŸ’™,\U0001f499,symbols,False
ğŸ’œ,\U0001f49c,symbols,False
ğŸ–¤,\U0001f5a4,symbols,False
ğŸ©¶,\U0001fa76,symbols,False
ğŸ¤,\U0001f90d,symbols,False
ğŸ¤,\U0001f90e,symbols,False
ğŸ’”,\U0001f494,symbols,False
â¤ï¸â€ğŸ”¥,\u2764\ufe0f\u200d\U0001f525,symbols,False
â¤ï¸â€ğŸ©¹,\u2764\ufe0f\u200d\U0001fa79,symbols,False
â£ï¸,\u2763\ufe0f,symbols,False
ğŸ’•,\U0001f495,symbols,False
ğŸ’,\U0001f49e,symbols,False
ğŸ’“,\U0001f493,symbols,False
ğŸ’—,\U0001f497,symbols,False
ğŸ’–,\U0001f496,symbols,False
ğŸ’˜,\U0001f498,symbols,False
ğŸ’,\U0001f49d,symbols,False
ğŸ’Ÿ,\U0001f49f,symbols,False
â˜®ï¸,\u262e\ufe0f,symbols,False
âœï¸,\u271d\ufe0f,symbols,False
â˜ªï¸,\u262a\ufe0f,symbols,False
ğŸ•‰ï¸,\U0001f549\ufe0f,symbols,False
â˜¸ï¸,\u2638\ufe0f,symbols,False
ğŸª¯,\U0001faaf,symbols,False
âœ¡ï¸,\u2721\ufe0f,symbols,False
ğŸ”¯,\U0001f52f,symbols,False
ğŸ•,\U0001f54e,symbols,False
â˜¯ï¸,\u262f\ufe0f,symbols,False
â˜¦ï¸,\u2626\ufe0f,symbols,False
ğŸ›,\U0001f6d0,symbols,False
â›,\u26ce,symbols,False
â™ˆ,\u2648,symbols,False
â™‰,\u2649,symbols,False
â™Š,\u264a,symbols,False
â™‹,\u264b,symbols,False
â™Œ,\u264c,symbols,False
â™,\u264d,symbols,False
â™,\u264e,symbols,False
â™,\u264f,symbols,False
â™,\u2650,symbols,False
â™‘,\u2651,symbols,False
â™’,\u2652,symbols,False
â™“,\u2653,symbols,False
ğŸ†”,\U0001f194,symbols,False
âš›ï¸,\u269b\ufe0f,symbols,False
ğŸ‰‘,\U0001f251,symbols,False
â˜¢ï¸,\u2622\ufe0f,symbols,False
â˜£ï¸,\u2623\ufe0f,symbols,False
ğŸ“´,\U0001f4f4,symbols,False
ğŸ“³,\U0001f4f3,symbols,False
ğŸˆ¶,\U0001f236,symbols,False
ğŸˆš,\U0001f21a,symbols,False
ğŸˆ¸,\U0001f238,symbols,False
ğŸˆº,\U0001f23a,symbols,False
ğŸˆ·ï¸,\U0001f237\ufe0f,symbols,False
âœ´ï¸,\u2734\ufe0f,symbols,False
ğŸ†š,\U0001f19a,symbols,False
ğŸ’®,\U0001f4ae,symbols,False
ğŸ‰,\U0001f250,symbols,False
ãŠ™ï¸,\u3299\ufe0f,symbols,False
ãŠ—ï¸,\u3297\ufe0f,symbols,False
ğŸˆ´,\U0001f234,symbols,False
ğŸˆµ,\U0001f235,symbols,False
ğŸˆ¹,\U0001f239,symbols,False
ğŸˆ²,\U0001f232,symbols,False
ğŸ…°ï¸,\U0001f170\ufe0f,symbols,False
ğŸ…±ï¸,\U0001f171\ufe0f,symbols,False
ğŸ†,\U0001f18e,symbols,False
ğŸ†‘,\U0001f191,symbols,False
ğŸ…¾ï¸,\U0001f17e\ufe0f,symbols,False
ğŸ†˜,\U0001f198,symbols,False
âŒ,\u274c,symbols,False
â­•,\u2b55,symbols,False
ğŸ›‘,\U0001f6d1,symbols,False
â›”,\u26d4,symbols,False
ğŸ“›,\U0001f4db,symbols,False
ğŸš«,\U0001f6ab,symbols,False
ğŸ’¯,\U0001f4af,symbols,False
ğŸ’¢,\U0001f4a2,symbols,False
â™¨ï¸,\u2668\ufe0f,symbols,False
ğŸš·,\U0001f6b7,symbols,False
ğŸš¯,\U0001f6af,symbols,False
ğŸš³,\U0001f6b3,symbols,False
ğŸš±,\U0001f6b1,symbols,False
ğŸ”,\U0001f51e,symbols,False
ğŸ“µ,\U0001f4f5,symbols,False
ğŸš­,\U0001f6ad,symbols,False
â—,\u2757,symbols,False
â•,\u2755,symbols,False
â“,\u2753,symbols,False
â”,\u2754,symbols,False
â€¼ï¸,\u203c\ufe0f,symbols,False
â‰ï¸,\u2049\ufe0f,symbols,False
ğŸ”…,\U0001f505,symbols,False
ğŸ”†,\U0001f506,symbols,False
ã€½ï¸,\u303d\ufe0f,symbols,False
âš ï¸,\u26a0\ufe0f,symbols,False
ğŸš¸,\U0001f6b8,symbols,False
ğŸ”±,\U0001f531,symbols,False
âšœï¸,\u269c\ufe0f,symbols,False
ğŸ”°,\U0001f530,symbols,False
â™»ï¸,\u267b\ufe0f,symbols,False
âœ…,\u2705,symbols,False
ğŸˆ¯,\U0001f22f,symbols,False
ğŸ’¹,\U0001f4b9,symbols,False
â‡ï¸,\u2747\ufe0f,symbols,False
âœ³ï¸,\u2733\ufe0f,symbols,False
â,\u274e,symbols,False
ğŸŒ,\U0001f310,symbols,False
ğŸ’ ,\U0001f4a0,symbols,False
â“‚ï¸,\u24c2\ufe0f,symbols,False
ğŸŒ€,\U0001f300,symbols,False
ğŸ’¤,\U0001f4a4,symbols,False
ğŸ§,\U0001f3e7,symbols,False
ğŸš¾,\U0001f6be,symbols,False
â™¿,\u267f,symbols,False
ğŸ…¿ï¸,\U0001f17f\ufe0f,symbols,False
ğŸ›—,\U0001f6d7,symbols,False
ğŸˆ³,\U0001f233,symbols,False
ğŸˆ‚ï¸,\U0001f202\ufe0f,symbols,False
ğŸ›‚,\U0001f6c2,symbols,False
ğŸ›ƒ,\U0001f6c3,symbols,False
ğŸ›„,\U0001f6c4,symbols,False
ğŸ›…,\U0001f6c5,symbols,False
ğŸ›œ,\U0001f6dc,symbols,False
ğŸš¹,\U0001f6b9,symbols,False
ğŸšº,\U0001f6ba,symbols,False
ğŸš¼,\U0001f6bc,symbols,False
âš§ï¸,\u26a7\ufe0f,symbols,False
ğŸš»,\U0001f6bb,symbols,False
ğŸš®,\U0001f6ae,symbols,False
ğŸ¦,\U0001f3a6,symbols,False
ğŸ“¶,\U0001f4f6,symbols,False
ğŸˆ,\U0001f201,symbols,False
ğŸ”£,\U0001f523,symbols,False
â„¹ï¸,\u2139\ufe0f,symbols,False
ğŸ”¤,\U0001f524,symbols,False
ğŸ”¡,\U0001f521,symbols,False
ğŸ” ,\U0001f520,symbols,False
ğŸ†–,\U0001f196,symbols,False
ğŸ†—,\U0001f197,symbols,False
ğŸ†™,\U0001f199,symbols,False
ğŸ†’,\U0001f192,symbols,False
ğŸ†•,\U0001f195,symbols,False
ğŸ†“,\U0001f193,symbols,False
0ï¸âƒ£,0\ufe0f\u20e3,symbols,False
1ï¸âƒ£,1\ufe0f\u20e3,symbols,False
2ï¸âƒ£,2\ufe0f\u20e3,symbols,False
3ï¸âƒ£,3\ufe0f\u20e3,symbols,False
4ï¸âƒ£,4\ufe0f\u20e3,symbols,False
5ï¸âƒ£,5\ufe0f\u20e3,symbols,False
6ï¸âƒ£,6\ufe0f\u20e3,symbols,False
7ï¸âƒ£,7\ufe0f\u20e3,symbols,False
8ï¸âƒ£,8\ufe0f\u20e3,symbols,False
9ï¸âƒ£,9\ufe0f\u20e3,symbols,False
ğŸ”Ÿ,\U0001f51f,symbols,False
ğŸ”¢,\U0001f522,symbols,False
#ï¸âƒ£,#\ufe0f\u20e3,symbols,False
âï¸,\u23cf\ufe0f,symbols,False
â–¶ï¸,\u25b6\ufe0f,symbols,False
â¸ï¸,\u23f8\ufe0f,symbols,False
â¯ï¸,\u23ef\ufe0f,symbols,False
â¹ï¸,\u23f9\ufe0f,symbols,False
âºï¸,\u23fa\ufe0f,symbols,False
â­ï¸,\u23ed\ufe0f,symbols,False
â®ï¸,\u23ee\ufe0f,symbols,False
â©,\u23e9,symbols,False
âª,\u23ea,symbols,False
â«,\u23eb,symbols,False
â¬,\u23ec,symbols,False
â—€ï¸,\u25c0\ufe0f,symbols,False
ğŸ”¼,\U0001f53c,symbols,False
ğŸ”½,\U0001f53d,symbols,False
â¡ï¸,\u27a1\ufe0f,symbols,False
â¬…ï¸,\u2b05\ufe0f,symbols,False
â¬†ï¸,\u2b06\ufe0f,symbols,False
â¬‡ï¸,\u2b07\ufe0f,symbols,False
â†—ï¸,\u2197\ufe0f,symbols,False
â†˜ï¸,\u2198\ufe0f,symbols,False
â†™ï¸,\u2199\ufe0f,symbols,False
â†–ï¸,\u2196\ufe0f,symbols,False
â†•ï¸,\u2195\ufe0f,symbols,False
â†”ï¸,\u2194\ufe0f,symbols,False
â†ªï¸,\u21aa\ufe0f,symbols,False
â†©ï¸,\u21a9\ufe0f,symbols,False
â¤´ï¸,\u2934\ufe0f,symbols,False
â¤µï¸,\u2935\ufe0f,symbols,False
ğŸ”€,\U0001f500,symbols,False
ğŸ”,\U0001f501,symbols,False
ğŸ”‚,\U0001f502,symbols,False
ğŸ”„,\U0001f504,symbols,False
ğŸ”ƒ,\U0001f503,symbols,False
ğŸµ,\U0001f3b5,symbols,False
ğŸ¶,\U0001f3b6,symbols,False
â•,\u2795,symbols,False
â–,\u2796,symbols,False
â—,\u2797,symbols,False
âœ–ï¸,\u2716\ufe0f,symbols,False
ğŸŸ°,\U0001f7f0,symbols,False
â™¾ï¸,\u267e\ufe0f,symbols,False
ğŸ’²,\U0001f4b2,symbols,False
ğŸ’±,\U0001f4b1,symbols,False
â„¢ï¸,\u2122\ufe0f,symbols,False
Â©ï¸,\xa9\ufe0f,symbols,False
Â®ï¸,\xae\ufe0f,symbols,False
ğŸ‘ï¸â€ğŸ—¨ï¸,\U0001f441\ufe0f\u200d\U0001f5e8\ufe0f,symbols,False
ğŸ”š,\U0001f51a,symbols,False
ğŸ”™,\U0001f519,symbols,False
ğŸ”›,\U0001f51b,symbols,False
ğŸ”,\U0001f51d,symbols,False
ğŸ”œ,\U0001f51c,symbols,False
ã€°ï¸,\u3030\ufe0f,symbols,False
â°,\u27b0,symbols,False
â¿,\u27bf,symbols,False
âœ”ï¸,\u2714\ufe0f,symbols,False
â˜‘ï¸,\u2611\ufe0f,symbols,False
ğŸ”˜,\U0001f518,symbols,False
ğŸ”´,\U0001f534,symbols,False
ğŸŸ ,\U0001f7e0,symbols,False
ğŸŸ¡,\U0001f7e1,symbols,False
ğŸŸ¢,\U0001f7e2,symbols,False
ğŸ”µ,\U0001f535,symbols,False
ğŸŸ£,\U0001f7e3,symbols,False
âš«,\u26ab,symbols,False
âšª,\u26aa,symbols,False
ğŸŸ¤,\U0001f7e4,symbols,False
ğŸ”º,\U0001f53a,symbols,False
ğŸ”»,\U0001f53b,symbols,False
ğŸ”¸,\U0001f538,symbols,False
ğŸ”¹,\U0001f539,symbols,False
ğŸ”¶,\U0001f536,symbols,False
ğŸ”·,\U0001f537,symbols,False
ğŸ”³,\U0001f533,symbols,False
ğŸ”²,\U0001f532,symbols,False
â–ªï¸,\u25aa\ufe0f,symbols,False
â–«ï¸,\u25ab\ufe0f,symbols,False
â—¾,\u25fe,symbols,False
â—½,\u25fd,symbols,False
â—¼ï¸,\u25fc\ufe0f,symbols,False
â—»ï¸,\u25fb\ufe0f,symbols,False
ğŸŸ¥,\U0001f7e5,symbols,False
ğŸŸ§,\U0001f7e7,symbols,False
ğŸŸ¨,\U0001f7e8,symbols,False
ğŸŸ©,\U0001f7e9,symbols,False
ğŸŸ¦,\U0001f7e6,symbols,False
ğŸŸª,\U0001f7ea,symbols,False
â¬›,\u2b1b,symbols,False
â¬œ,\u2b1c,symbols,False
ğŸŸ«,\U0001f7eb,symbols,False
ğŸ”ˆ,\U0001f508,symbols,False
ğŸ”‡,\U0001f507,symbols,False
ğŸ”‰,\U0001f509,symbols,False
ğŸ”Š,\U0001f50a,symbols,False
ğŸ””,\U0001f514,symbols,False
ğŸ”•,\U0001f515,symbols,False
ğŸ“£,\U0001f4e3,symbols,False
ğŸ“¢,\U0001f4e2,symbols,False
ğŸ’¬,\U0001f4ac,symbols,False
ğŸ’­,\U0001f4ad,symbols,False
ğŸ—¯ï¸,\U0001f5ef\ufe0f,symbols,False
â™ ï¸,\u2660\ufe0f,symbols,False
â™£ï¸,\u2663\ufe0f,symbols,False
â™¥ï¸,\u2665\ufe0f,symbols,False
â™¦ï¸,\u2666\ufe0f,symbols,False
ğŸƒ,\U0001f0cf,symbols,False
ğŸ´,\U0001f3b4,symbols,False
ğŸ€„,\U0001f004,symbols,False
ğŸ•,\U0001f550,symbols,False
ğŸ•‘,\U0001f551,symbols,False
ğŸ•’,\U0001f552,symbols,False
ğŸ•“,\U0001f553,symbols,False
ğŸ•”,\U0001f554,symbols,False
ğŸ••,\U0001f555,symbols,False
ğŸ•–,\U0001f556,symbols,False
ğŸ•—,\U0001f557,symbols,False
ğŸ•˜,\U0001f558,symbols,False
ğŸ•™,\U0001f559,symbols,False
ğŸ•š,\U0001f55a,symbols,False
ğŸ•›,\U0001f55b,symbols,False
ğŸ•œ,\U0001f55c,symbols,False
ğŸ•,\U0001f55d,symbols,False
ğŸ•,\U0001f55e,symbols,False
ğŸ•Ÿ,\U0001f55f,symbols,False
ğŸ• ,\U0001f560,symbols,False
ğŸ•¡,\U0001f561,symbols,False
ğŸ•¢,\U0001f562,symbols,False
ğŸ•£,\U0001f563,symbols,False
ğŸ•¤,\U0001f564,symbols,False
ğŸ•¥,\U0001f565,symbols,False
ğŸ•¦,\U0001f566,symbols,False
ğŸ•§,\U0001f567,symbols,False
ğŸ³ï¸,\U0001f3f3\ufe0f,flags,False
ğŸ´,\U0001f3f4,flags,False
ğŸ´â€â˜ ï¸,\U0001f3f4\u200d\u2620\ufe0f,flags,False
ğŸ,\U0001f3c1,flags,False
ğŸš©,\U0001f6a9,flags,False
ğŸ³ï¸â€ğŸŒˆ,\U0001f3f3\ufe0f\u200d\U0001f308,flags,False
ğŸ³ï¸â€âš§ï¸,\U0001f3f3\ufe0f\u200d\u26a7\ufe0f,flags,False
ğŸ³â€ğŸŸ§â€â¬›â€ğŸŸ§,\U0001f3f3\u200d\U0001f7e7\u200d\u2b1b\u200d\U0001f7e7,flags,False
ğŸ‡ºğŸ‡³,\U0001f1fa\U0001f1f3,flags,False
ğŸ‡¦ğŸ‡«,\U0001f1e6\U0001f1eb,flags,False
ğŸ‡¦ğŸ‡½,\U0001f1e6\U0001f1fd,flags,False
ğŸ‡¦ğŸ‡±,\U0001f1e6\U0001f1f1,flags,False
ğŸ‡©ğŸ‡¿,\U0001f1e9\U0001f1ff,flags,False
ğŸ‡¦ğŸ‡¸,\U0001f1e6\U0001f1f8,flags,False
ğŸ‡¦ğŸ‡©,\U0001f1e6\U0001f1e9,flags,False
ğŸ‡¦ğŸ‡´,\U0001f1e6\U0001f1f4,flags,False
ğŸ‡¦ğŸ‡®,\U0001f1e6\U0001f1ee,flags,False
ğŸ‡¦ğŸ‡¶,\U0001f1e6\U0001f1f6,flags,False
ğŸ‡¦ğŸ‡¬,\U0001f1e6\U0001f1ec,flags,False
ğŸ‡¦ğŸ‡·,\U0001f1e6\U0001f1f7,flags,False
ğŸ‡¦ğŸ‡²,\U0001f1e6\U0001f1f2,flags,False
ğŸ‡¦ğŸ‡¼,\U0001f1e6\U0001f1fc,flags,False
ğŸ‡¦ğŸ‡º,\U0001f1e6\U0001f1fa,flags,False
ğŸ‡¦ğŸ‡¹,\U0001f1e6\U0001f1f9,flags,False
ğŸ‡¦ğŸ‡¿,\U0001f1e6\U0001f1ff,flags,False
ğŸ‡§ğŸ‡¸,\U0001f1e7\U0001f1f8,flags,False
ğŸ‡§ğŸ‡­,\U0001f1e7\U0001f1ed,flags,False
ğŸ‡§ğŸ‡©,\U0001f1e7\U0001f1e9,flags,False
ğŸ‡§ğŸ‡§,\U0001f1e7\U0001f1e7,flags,False
ğŸ‡§ğŸ‡¾,\U0001f1e7\U0001f1fe,flags,False
ğŸ‡§ğŸ‡ª,\U0001f1e7\U0001f1ea,flags,False
ğŸ‡§ğŸ‡¿,\U0001f1e7\U0001f1ff,flags,False
ğŸ‡§ğŸ‡¯,\U0001f1e7\U0001f1ef,flags,False
ğŸ‡§ğŸ‡²,\U0001f1e7\U0001f1f2,flags,False
ğŸ‡§ğŸ‡¹,\U0001f1e7\U0001f1f9,flags,False
ğŸ‡§ğŸ‡´,\U0001f1e7\U0001f1f4,flags,False
ğŸ‡§ğŸ‡¦,\U0001f1e7\U0001f1e6,flags,False
ğŸ‡§ğŸ‡¼,\U0001f1e7\U0001f1fc,flags,False
ğŸ‡§ğŸ‡·,\U0001f1e7\U0001f1f7,flags,False
ğŸ‡»ğŸ‡¬,\U0001f1fb\U0001f1ec,flags,False
ğŸ‡§ğŸ‡³,\U0001f1e7\U0001f1f3,flags,False
ğŸ‡§ğŸ‡¬,\U0001f1e7\U0001f1ec,flags,False
ğŸ‡§ğŸ‡«,\U0001f1e7\U0001f1eb,flags,False
ğŸ‡§ğŸ‡®,\U0001f1e7\U0001f1ee,flags,False
ğŸ‡°ğŸ‡­,\U0001f1f0\U0001f1ed,flags,False
ğŸ‡¨ğŸ‡²,\U0001f1e8\U0001f1f2,flags,False
ğŸ‡¨ğŸ‡¦,\U0001f1e8\U0001f1e6,flags,False
ğŸ‡®ğŸ‡¨,\U0001f1ee\U0001f1e8,flags,False
ğŸ‡¨ğŸ‡»,\U0001f1e8\U0001f1fb,flags,False
ğŸ‡§ğŸ‡¶,\U0001f1e7\U0001f1f6,flags,False
ğŸ‡°ğŸ‡¾,\U0001f1f0\U0001f1fe,flags,False
ğŸ‡¨ğŸ‡«,\U0001f1e8\U0001f1eb,flags,False
ğŸ‡¹ğŸ‡©,\U0001f1f9\U0001f1e9,flags,False
ğŸ‡®ğŸ‡´,\U0001f1ee\U0001f1f4,flags,False
ğŸ‡¨ğŸ‡±,\U0001f1e8\U0001f1f1,flags,False
ğŸ‡¨ğŸ‡³,\U0001f1e8\U0001f1f3,flags,False
ğŸ‡¨ğŸ‡½,\U0001f1e8\U0001f1fd,flags,False
ğŸ‡¨ğŸ‡¨,\U0001f1e8\U0001f1e8,flags,False
ğŸ‡¨ğŸ‡´,\U0001f1e8\U0001f1f4,flags,False
ğŸ‡°ğŸ‡²,\U0001f1f0\U0001f1f2,flags,False
ğŸ‡¨ğŸ‡¬,\U0001f1e8\U0001f1ec,flags,False
ğŸ‡¨ğŸ‡©,\U0001f1e8\U0001f1e9,flags,False
ğŸ‡¨ğŸ‡°,\U0001f1e8\U0001f1f0,flags,False
ğŸ‡¨ğŸ‡·,\U0001f1e8\U0001f1f7,flags,False
ğŸ‡¨ğŸ‡®,\U0001f1e8\U0001f1ee,flags,False
ğŸ‡­ğŸ‡·,\U0001f1ed\U0001f1f7,flags,False
ğŸ‡¨ğŸ‡º,\U0001f1e8\U0001f1fa,flags,False
ğŸ‡¨ğŸ‡¼,\U0001f1e8\U0001f1fc,flags,False
ğŸ‡¨ğŸ‡¾,\U0001f1e8\U0001f1fe,flags,False
ğŸ‡¨ğŸ‡¿,\U0001f1e8\U0001f1ff,flags,False
ğŸ‡©ğŸ‡°,\U0001f1e9\U0001f1f0,flags,False
ğŸ‡©ğŸ‡¯,\U0001f1e9\U0001f1ef,flags,False
ğŸ‡©ğŸ‡²,\U0001f1e9\U0001f1f2,flags,False
ğŸ‡©ğŸ‡´,\U0001f1e9\U0001f1f4,flags,False
ğŸ‡ªğŸ‡¨,\U0001f1ea\U0001f1e8,flags,False
ğŸ‡ªğŸ‡¬,\U0001f1ea\U0001f1ec,flags,False
ğŸ‡¸ğŸ‡»,\U0001f1f8\U0001f1fb,flags,False
ğŸ‡¬ğŸ‡¶,\U0001f1ec\U0001f1f6,flags,False
ğŸ‡ªğŸ‡·,\U0001f1ea\U0001f1f7,flags,False
ğŸ‡ªğŸ‡ª,\U0001f1ea\U0001f1ea,flags,False
ğŸ‡¸ğŸ‡¿,\U0001f1f8\U0001f1ff,flags,False
ğŸ‡ªğŸ‡¹,\U0001f1ea\U0001f1f9,flags,False
ğŸ‡ªğŸ‡º,\U0001f1ea\U0001f1fa,flags,False
ğŸ‡«ğŸ‡°,\U0001f1eb\U0001f1f0,flags,False
ğŸ‡«ğŸ‡´,\U0001f1eb\U0001f1f4,flags,False
ğŸ‡«ğŸ‡¯,\U0001f1eb\U0001f1ef,flags,False
ğŸ‡«ğŸ‡®,\U0001f1eb\U0001f1ee,flags,False
ğŸ‡«ğŸ‡·,\U0001f1eb\U0001f1f7,flags,False
ğŸ‡¬ğŸ‡«,\U0001f1ec\U0001f1eb,flags,False
ğŸ‡µğŸ‡«,\U0001f1f5\U0001f1eb,flags,False
ğŸ‡¹ğŸ‡«,\U0001f1f9\U0001f1eb,flags,False
ğŸ‡¬ğŸ‡¦,\U0001f1ec\U0001f1e6,flags,False
ğŸ‡¬ğŸ‡²,\U0001f1ec\U0001f1f2,flags,False
ğŸ‡¬ğŸ‡ª,\U0001f1ec\U0001f1ea,flags,False
ğŸ‡©ğŸ‡ª,\U0001f1e9\U0001f1ea,flags,False
ğŸ‡¬ğŸ‡­,\U0001f1ec\U0001f1ed,flags,False
ğŸ‡¬ğŸ‡®,\U0001f1ec\U0001f1ee,flags,False
ğŸ‡¬ğŸ‡·,\U0001f1ec\U0001f1f7,flags,False
ğŸ‡¬ğŸ‡±,\U0001f1ec\U0001f1f1,flags,False
ğŸ‡¬ğŸ‡©,\U0001f1ec\U0001f1e9,flags,False
ğŸ‡¬ğŸ‡µ,\U0001f1ec\U0001f1f5,flags,False
ğŸ‡¬ğŸ‡º,\U0001f1ec\U0001f1fa,flags,False
ğŸ‡¬ğŸ‡¹,\U0001f1ec\U0001f1f9,flags,False
ğŸ‡¬ğŸ‡¬,\U0001f1ec\U0001f1ec,flags,False
ğŸ‡¬ğŸ‡³,\U0001f1ec\U0001f1f3,flags,False
ğŸ‡¬ğŸ‡¼,\U0001f1ec\U0001f1fc,flags,False
ğŸ‡¬ğŸ‡¾,\U0001f1ec\U0001f1fe,flags,False
ğŸ‡­ğŸ‡¹,\U0001f1ed\U0001f1f9,flags,False
ğŸ‡­ğŸ‡³,\U0001f1ed\U0001f1f3,flags,False
ğŸ‡­ğŸ‡°,\U0001f1ed\U0001f1f0,flags,False
ğŸ‡­ğŸ‡º,\U0001f1ed\U0001f1fa,flags,False
ğŸ‡®ğŸ‡¸,\U0001f1ee\U0001f1f8,flags,False
ğŸ‡®ğŸ‡³,\U0001f1ee\U0001f1f3,flags,False
ğŸ‡®ğŸ‡©,\U0001f1ee\U0001f1e9,flags,False
ğŸ‡®ğŸ‡·,\U0001f1ee\U0001f1f7,flags,False
ğŸ‡®ğŸ‡¶,\U0001f1ee\U0001f1f6,flags,False
ğŸ‡®ğŸ‡ª,\U0001f1ee\U0001f1ea,flags,False
ğŸ‡®ğŸ‡²,\U0001f1ee\U0001f1f2,flags,False
ğŸ‡®ğŸ‡±,\U0001f1ee\U0001f1f1,flags,False
ğŸ‡®ğŸ‡¹,\U0001f1ee\U0001f1f9,flags,False
ğŸ‡¯ğŸ‡²,\U0001f1ef\U0001f1f2,flags,False
ğŸ‡¯ğŸ‡µ,\U0001f1ef\U0001f1f5,flags,False
ğŸŒ,\U0001f38c,flags,False
ğŸ‡¯ğŸ‡ª,\U0001f1ef\U0001f1ea,flags,False
ğŸ‡¯ğŸ‡´,\U0001f1ef\U0001f1f4,flags,False
ğŸ‡°ğŸ‡¿,\U0001f1f0\U0001f1ff,flags,False
ğŸ‡°ğŸ‡ª,\U0001f1f0\U0001f1ea,flags,False
ğŸ‡°ğŸ‡®,\U0001f1f0\U0001f1ee,flags,False
ğŸ‡½ğŸ‡°,\U0001f1fd\U0001f1f0,flags,False
ğŸ‡°ğŸ‡¼,\U0001f1f0\U0001f1fc,flags,False
ğŸ‡°ğŸ‡¬,\U0001f1f0\U0001f1ec,flags,False
ğŸ‡±ğŸ‡¦,\U0001f1f1\U0001f1e6,flags,False
ğŸ‡±ğŸ‡»,\U0001f1f1\U0001f1fb,flags,False
ğŸ‡±ğŸ‡§,\U0001f1f1\U0001f1e7,flags,False
ğŸ‡±ğŸ‡¸,\U0001f1f1\U0001f1f8,flags,False
ğŸ‡±ğŸ‡·,\U0001f1f1\U0001f1f7,flags,False
ğŸ‡±ğŸ‡¾,\U0001f1f1\U0001f1fe,flags,False
ğŸ‡±ğŸ‡®,\U0001f1f1\U0001f1ee,flags,False
ğŸ‡±ğŸ‡¹,\U0001f1f1\U0001f1f9,flags,False
ğŸ‡±ğŸ‡º,\U0001f1f1\U0001f1fa,flags,False
ğŸ‡²ğŸ‡´,\U0001f1f2\U0001f1f4,flags,False
ğŸ‡²ğŸ‡¬,\U0001f1f2\U0001f1ec,flags,False
ğŸ‡²ğŸ‡¼,\U0001f1f2\U0001f1fc,flags,False
ğŸ‡²ğŸ‡¾,\U0001f1f2\U0001f1fe,flags,False
ğŸ‡²ğŸ‡»,\U0001f1f2\U0001f1fb,flags,False
ğŸ‡²ğŸ‡±,\U0001f1f2\U0001f1f1,flags,False
ğŸ‡²ğŸ‡¹,\U0001f1f2\U0001f1f9,flags,False
ğŸ‡²ğŸ‡­,\U0001f1f2\U0001f1ed,flags,False
ğŸ‡²ğŸ‡¶,\U0001f1f2\U0001f1f6,flags,False
ğŸ‡²ğŸ‡·,\U0001f1f2\U0001f1f7,flags,False
ğŸ‡²ğŸ‡º,\U0001f1f2\U0001f1fa,flags,False
ğŸ‡¾ğŸ‡¹,\U0001f1fe\U0001f1f9,flags,False
ğŸ‡²ğŸ‡½,\U0001f1f2\U0001f1fd,flags,False
ğŸ‡«ğŸ‡²,\U0001f1eb\U0001f1f2,flags,False
ğŸ‡²ğŸ‡©,\U0001f1f2\U0001f1e9,flags,False
ğŸ‡²ğŸ‡¨,\U0001f1f2\U0001f1e8,flags,False
ğŸ‡²ğŸ‡³,\U0001f1f2\U0001f1f3,flags,False
ğŸ‡²ğŸ‡ª,\U0001f1f2\U0001f1ea,flags,False
ğŸ‡²ğŸ‡¸,\U0001f1f2\U0001f1f8,flags,False
ğŸ‡²ğŸ‡¦,\U0001f1f2\U0001f1e6,flags,False
ğŸ‡²ğŸ‡¿,\U0001f1f2\U0001f1ff,flags,False
ğŸ‡²ğŸ‡²,\U0001f1f2\U0001f1f2,flags,False
ğŸ‡³ğŸ‡¦,\U0001f1f3\U0001f1e6,flags,False
ğŸ‡³ğŸ‡·,\U0001f1f3\U0001f1f7,flags,False
ğŸ‡³ğŸ‡µ,\U0001f1f3\U0001f1f5,flags,False
ğŸ‡³ğŸ‡±,\U0001f1f3\U0001f1f1,flags,False
ğŸ‡³ğŸ‡¨,\U0001f1f3\U0001f1e8,flags,False
ğŸ‡³ğŸ‡¿,\U0001f1f3\U0001f1ff,flags,False
ğŸ‡³ğŸ‡®,\U0001f1f3\U0001f1ee,flags,False
ğŸ‡³ğŸ‡ª,\U0001f1f3\U0001f1ea,flags,False
ğŸ‡³ğŸ‡¬,\U0001f1f3\U0001f1ec,flags,False
ğŸ‡³ğŸ‡º,\U0001f1f3\U0001f1fa,flags,False
ğŸ‡³ğŸ‡«,\U0001f1f3\U0001f1eb,flags,False
ğŸ‡°ğŸ‡µ,\U0001f1f0\U0001f1f5,flags,False
ğŸ‡²ğŸ‡°,\U0001f1f2\U0001f1f0,flags,False
ğŸ‡²ğŸ‡µ,\U0001f1f2\U0001f1f5,flags,False
ğŸ‡³ğŸ‡´,\U0001f1f3\U0001f1f4,flags,False
ğŸ‡´ğŸ‡²,\U0001f1f4\U0001f1f2,flags,False
ğŸ‡µğŸ‡°,\U0001f1f5\U0001f1f0,flags,False
ğŸ‡µğŸ‡¼,\U0001f1f5\U0001f1fc,flags,False
ğŸ‡µğŸ‡¸,\U0001f1f5\U0001f1f8,flags,False
ğŸ‡µğŸ‡¦,\U0001f1f5\U0001f1e6,flags,False
ğŸ‡µğŸ‡¬,\U0001f1f5\U0001f1ec,flags,False
ğŸ‡µğŸ‡¾,\U0001f1f5\U0001f1fe,flags,False
ğŸ‡µğŸ‡ª,\U0001f1f5\U0001f1ea,flags,False
ğŸ‡µğŸ‡­,\U0001f1f5\U0001f1ed,flags,False
ğŸ‡µğŸ‡³,\U0001f1f5\U0001f1f3,flags,False
ğŸ‡µğŸ‡±,\U0001f1f5\U0001f1f1,flags,False
ğŸ‡µğŸ‡¹,\U0001f1f5\U0001f1f9,flags,False
ğŸ‡µğŸ‡·,\U0001f1f5\U0001f1f7,flags,False
ğŸ‡¶ğŸ‡¦,\U0001f1f6\U0001f1e6,flags,False
ğŸ‡·ğŸ‡ª,\U0001f1f7\U0001f1ea,flags,False
ğŸ‡·ğŸ‡´,\U0001f1f7\U0001f1f4,flags,False
ğŸ‡·ğŸ‡º,\U0001f1f7\U0001f1fa,flags,False
ğŸ‡·ğŸ‡¼,\U0001f1f7\U0001f1fc,flags,False
ğŸ‡¼ğŸ‡¸,\U0001f1fc\U0001f1f8,flags,False
ğŸ‡¸ğŸ‡²,\U0001f1f8\U0001f1f2,flags,False
ğŸ‡¸ğŸ‡¹,\U0001f1f8\U0001f1f9,flags,False
ğŸ‡¸ğŸ‡¦,\U0001f1f8\U0001f1e6,flags,False
ğŸ‡¸ğŸ‡³,\U0001f1f8\U0001f1f3,flags,False
ğŸ‡·ğŸ‡¸,\U0001f1f7\U0001f1f8,flags,False
ğŸ‡¸ğŸ‡¨,\U0001f1f8\U0001f1e8,flags,False
ğŸ‡¸ğŸ‡±,\U0001f1f8\U0001f1f1,flags,False
ğŸ‡¸ğŸ‡¬,\U0001f1f8\U0001f1ec,flags,False
ğŸ‡¸ğŸ‡½,\U0001f1f8\U0001f1fd,flags,False
ğŸ‡¸ğŸ‡°,\U0001f1f8\U0001f1f0,flags,False
ğŸ‡¸ğŸ‡®,\U0001f1f8\U0001f1ee,flags,False
ğŸ‡¬ğŸ‡¸,\U0001f1ec\U0001f1f8,flags,False
ğŸ‡¸ğŸ‡§,\U0001f1f8\U0001f1e7,flags,False
ğŸ‡¸ğŸ‡´,\U0001f1f8\U0001f1f4,flags,False
ğŸ‡¿ğŸ‡¦,\U0001f1ff\U0001f1e6,flags,False
ğŸ‡°ğŸ‡·,\U0001f1f0\U0001f1f7,flags,False
ğŸ‡¸ğŸ‡¸,\U0001f1f8\U0001f1f8,flags,False
ğŸ‡ªğŸ‡¸,\U0001f1ea\U0001f1f8,flags,False
ğŸ‡±ğŸ‡°,\U0001f1f1\U0001f1f0,flags,False
ğŸ‡§ğŸ‡±,\U0001f1e7\U0001f1f1,flags,False
ğŸ‡¸ğŸ‡­,\U0001f1f8\U0001f1ed,flags,False
ğŸ‡°ğŸ‡³,\U0001f1f0\U0001f1f3,flags,False
ğŸ‡±ğŸ‡¨,\U0001f1f1\U0001f1e8,flags,False
ğŸ‡µğŸ‡²,\U0001f1f5\U0001f1f2,flags,False
ğŸ‡»ğŸ‡¨,\U0001f1fb\U0001f1e8,flags,False
ğŸ‡¸ğŸ‡©,\U0001f1f8\U0001f1e9,flags,False
ğŸ‡¸ğŸ‡·,\U0001f1f8\U0001f1f7,flags,False
ğŸ‡¸ğŸ‡ª,\U0001f1f8\U0001f1ea,flags,False
ğŸ‡¨ğŸ‡­,\U0001f1e8\U0001f1ed,flags,False
ğŸ‡¸ğŸ‡¾,\U0001f1f8\U0001f1fe,flags,False
ğŸ‡¹ğŸ‡¼,\U0001f1f9\U0001f1fc,flags,False
ğŸ‡¹ğŸ‡¯,\U0001f1f9\U0001f1ef,flags,False
ğŸ‡¹ğŸ‡¿,\U0001f1f9\U0001f1ff,flags,False
ğŸ‡¹ğŸ‡­,\U0001f1f9\U0001f1ed,flags,False
ğŸ‡¹ğŸ‡±,\U0001f1f9\U0001f1f1,flags,False
ğŸ‡¹ğŸ‡¬,\U0001f1f9\U0001f1ec,flags,False
ğŸ‡¹ğŸ‡°,\U0001f1f9\U0001f1f0,flags,False
ğŸ‡¹ğŸ‡´,\U0001f1f9\U0001f1f4,flags,False
ğŸ‡¹ğŸ‡¹,\U0001f1f9\U0001f1f9,flags,False
ğŸ‡¹ğŸ‡³,\U0001f1f9\U0001f1f3,flags,False
ğŸ‡¹ğŸ‡·,\U0001f1f9\U0001f1f7,flags,False
ğŸ‡¹ğŸ‡²,\U0001f1f9\U0001f1f2,flags,False
ğŸ‡¹ğŸ‡¨,\U0001f1f9\U0001f1e8,flags,False
ğŸ‡¹ğŸ‡»,\U0001f1f9\U0001f1fb,flags,False
ğŸ‡»ğŸ‡®,\U0001f1fb\U0001f1ee,flags,False
ğŸ‡ºğŸ‡¬,\U0001f1fa\U0001f1ec,flags,False
ğŸ‡ºğŸ‡¦,\U0001f1fa\U0001f1e6,flags,False
ğŸ‡¦ğŸ‡ª,\U0001f1e6\U0001f1ea,flags,False
ğŸ‡¬ğŸ‡§,\U0001f1ec\U0001f1e7,flags,False
ğŸ´ó §ó ¢ó ¥ó ®ó §ó ¿,\U0001f3f4\U000e0067\U000e0062\U000e0065\U000e006e\U000e0067\U000e007f,flags,False
ğŸ´ó §ó ¢ó ³ó £ó ´ó ¿,\U0001f3f4\U000e0067\U000e0062\U000e0073\U000e0063\U000e0074\U000e007f,flags,False
ğŸ´ó §ó ¢ó ·ó ¬ó ³ó ¿,\U0001f3f4\U000e0067\U000e0062\U000e0077\U000e006c\U000e0073\U000e007f,flags,False
ğŸ‡ºğŸ‡¸,\U0001f1fa\U0001f1f8,flags,False
ğŸ´ó µó ³ó ´ó ¸ó ¿,\U0001f3f4\U000e0075\U000e0073\U000e0074\U000e0078\U000e007f,flags,False
ğŸ‡ºğŸ‡¾,\U0001f1fa\U0001f1fe,flags,False
ğŸ‡ºğŸ‡¿,\U0001f1fa\U0001f1ff,flags,False
ğŸ‡»ğŸ‡º,\U0001f1fb\U0001f1fa,flags,False
ğŸ‡»ğŸ‡¦,\U0001f1fb\U0001f1e6,flags,False
ğŸ‡»ğŸ‡ª,\U0001f1fb\U0001f1ea,flags,False
ğŸ‡»ğŸ‡³,\U0001f1fb\U0001f1f3,flags,False
ğŸ‡¼ğŸ‡«,\U0001f1fc\U0001f1eb,flags,False
ğŸ‡ªğŸ‡­,\U0001f1ea\U0001f1ed,flags,False
ğŸ‡¾ğŸ‡ª,\U0001f1fe\U0001f1ea,flags,False
ğŸ‡¿ğŸ‡²,\U0001f1ff\U0001f1f2,flags,False
ğŸ‡¿ğŸ‡¼,\U0001f1ff\U0001f1fc,flags,False
